[09Jun2026 23:39:31.090] [main/INFO] [cpw.mods.modlauncher.Launcher/MODLAUNCHER]: ModLauncher running: args [--launchTarget, forgedatauserdev, --assetIndex, 5, --assetsDir, /home/jumpwatch/.gradle/caches/forge_gradle/assets, --gameDir, ., --fml.forgeVersion, 47.1.16, --fml.mcVersion, 1.20.1, --fml.forgeGroup, net.minecraftforge, --fml.mcpVersion, 20230612.114412, --mod, magneticraft2, --all, --output, /home/jumpwatch/IdeaProjects/magneticraft2/src/generated/resources, --existing, /home/jumpwatch/IdeaProjects/magneticraft2/src/main/resources]
[09Jun2026 23:39:31.092] [main/INFO] [cpw.mods.modlauncher.Launcher/MODLAUNCHER]: ModLauncher 10.0.9+10.0.9+main.dcd20f30 starting: java version 17.0.14 by Eclipse Adoptium; OS Linux arch amd64 version 7.0.3-arch1-2
[09Jun2026 23:39:31.116] [main/DEBUG] [cpw.mods.modlauncher.LaunchServiceHandler/MODLAUNCHER]: Found launch services [fmlclientdev,forgeclient,minecraft,forgegametestserverdev,fmlserveruserdev,fmlclient,fmldatauserdev,forgeserverdev,forgeserveruserdev,forgeclientdev,forgeclientuserdev,forgeserver,forgedatadev,fmlserver,fmlclientuserdev,fmlserverdev,forgedatauserdev,testharness,forgegametestserveruserdev]
[09Jun2026 23:39:31.127] [main/DEBUG] [cpw.mods.modlauncher.NameMappingServiceHandler/MODLAUNCHER]: Found naming services : [srgtomcp]
[09Jun2026 23:39:31.135] [main/DEBUG] [cpw.mods.modlauncher.LaunchPluginHandler/MODLAUNCHER]: Found launch plugins: [mixin,eventbus,slf4jfixer,object_holder_definalize,runtime_enum_extender,capability_token_subclass,accesstransformer,runtimedistcleaner]
[09Jun2026 23:39:31.141] [main/DEBUG] [cpw.mods.modlauncher.TransformationServicesHandler/MODLAUNCHER]: Discovering transformation services
[09Jun2026 23:39:31.144] [main/DEBUG] [net.minecraftforge.fml.loading.FMLPaths/CORE]: Path GAMEDIR is /home/jumpwatch/IdeaProjects/magneticraft2/run-data
[09Jun2026 23:39:31.145] [main/DEBUG] [net.minecraftforge.fml.loading.FMLPaths/CORE]: Path MODSDIR is /home/jumpwatch/IdeaProjects/magneticraft2/run-data/mods
[09Jun2026 23:39:31.145] [main/DEBUG] [net.minecraftforge.fml.loading.FMLPaths/CORE]: Path CONFIGDIR is /home/jumpwatch/IdeaProjects/magneticraft2/run-data/config
[09Jun2026 23:39:31.145] [main/DEBUG] [net.minecraftforge.fml.loading.FMLPaths/CORE]: Path FMLCONFIG is /home/jumpwatch/IdeaProjects/magneticraft2/run-data/config/fml.toml
[09Jun2026 23:39:31.161] [main/WARN] [net.minecraftforge.fml.loading.FMLConfig/CORE]: Configuration file /home/jumpwatch/IdeaProjects/magneticraft2/run-data/config/fml.toml is not correct. Correcting
[09Jun2026 23:39:31.162] [main/INFO] [net.minecraftforge.fml.loading.FMLConfig/CORE]: Incorrect key [earlyWindowSkipGLVersions] was corrected from true to []
[09Jun2026 23:39:31.168] [main/DEBUG] [cpw.mods.modlauncher.TransformationServicesHandler/MODLAUNCHER]: Found additional transformation services from discovery services: 
[09Jun2026 23:39:31.172] [main/INFO] [net.minecraftforge.fml.loading.ImmediateWindowHandler/]: ImmediateWindowProvider not loading because launch target is forgedatauserdev
[09Jun2026 23:39:31.176] [main/DEBUG] [cpw.mods.modlauncher.TransformationServicesHandler/MODLAUNCHER]: Found transformer services : [mixin,fml]
[09Jun2026 23:39:31.176] [main/DEBUG] [cpw.mods.modlauncher.TransformationServicesHandler/MODLAUNCHER]: Transformation services loading
[09Jun2026 23:39:31.176] [main/DEBUG] [cpw.mods.modlauncher.TransformationServiceDecorator/MODLAUNCHER]: Loading service mixin
[09Jun2026 23:39:31.176] [main/DEBUG] [cpw.mods.modlauncher.TransformationServiceDecorator/MODLAUNCHER]: Loaded service mixin
[09Jun2026 23:39:31.177] [main/DEBUG] [cpw.mods.modlauncher.TransformationServiceDecorator/MODLAUNCHER]: Loading service fml
[09Jun2026 23:39:31.177] [main/DEBUG] [net.minecraftforge.fml.loading.LauncherVersion/CORE]: Found FMLLauncher version 1.0
[09Jun2026 23:39:31.177] [main/DEBUG] [net.minecraftforge.fml.loading.FMLLoader/CORE]: FML 1.0 loading
[09Jun2026 23:39:31.177] [main/DEBUG] [net.minecraftforge.fml.loading.FMLLoader/CORE]: FML found ModLauncher version : 10.0.9+10.0.9+main.dcd20f30
[09Jun2026 23:39:31.178] [main/DEBUG] [net.minecraftforge.fml.loading.FMLLoader/CORE]: FML found AccessTransformer version : 8.0.4+66+master.c09db6d7
[09Jun2026 23:39:31.178] [main/DEBUG] [net.minecraftforge.fml.loading.FMLLoader/CORE]: FML found EventBus version : 6.0.5+6.0.5+master.eb8e549b
[09Jun2026 23:39:31.178] [main/DEBUG] [net.minecraftforge.fml.loading.FMLLoader/CORE]: Found Runtime Dist Cleaner
[09Jun2026 23:39:31.179] [main/DEBUG] [net.minecraftforge.fml.loading.FMLLoader/CORE]: FML found CoreMod version : 5.0.1+15+master.dc5a2922
[09Jun2026 23:39:31.179] [main/DEBUG] [net.minecraftforge.fml.loading.FMLLoader/CORE]: Found ForgeSPI package implementation version 7.0.1+7.0.1+master.d2b38bf6
[09Jun2026 23:39:31.179] [main/DEBUG] [net.minecraftforge.fml.loading.FMLLoader/CORE]: Found ForgeSPI package specification 5
[09Jun2026 23:39:31.179] [main/DEBUG] [cpw.mods.modlauncher.TransformationServiceDecorator/MODLAUNCHER]: Loaded service fml
[09Jun2026 23:39:31.180] [main/DEBUG] [cpw.mods.modlauncher.TransformationServicesHandler/MODLAUNCHER]: Configuring option handling for services
[09Jun2026 23:39:31.183] [main/DEBUG] [cpw.mods.modlauncher.TransformationServicesHandler/MODLAUNCHER]: Transformation services initializing
[09Jun2026 23:39:31.183] [main/DEBUG] [cpw.mods.modlauncher.TransformationServiceDecorator/MODLAUNCHER]: Initializing transformation service mixin
[09Jun2026 23:39:31.188] [main/DEBUG] [mixin/]: MixinService [ModLauncher] was successfully booted in cpw.mods.cl.ModuleClassLoader@d83da2e
[09Jun2026 23:39:31.196] [main/INFO] [mixin/]: SpongePowered MIXIN Subsystem Version=0.8.5 Source=union:/home/jumpwatch/.gradle/caches/modules-2/files-2.1/org.spongepowered/mixin/0.8.5/9d1c0c3a304ae6697ecd477218fa61b850bf57fc/mixin-0.8.5.jar%23116!/ Service=ModLauncher Env=CLIENT
[09Jun2026 23:39:31.198] [main/DEBUG] [mixin/]: Initialising Mixin Platform Manager
[09Jun2026 23:39:31.198] [main/DEBUG] [mixin/]: Adding mixin platform agents for container ModLauncher Root Container(ModLauncher:4f56a0a2)
[09Jun2026 23:39:31.198] [main/DEBUG] [mixin/]: Instancing new MixinPlatformAgentMinecraftForge for ModLauncher Root Container(ModLauncher:4f56a0a2)
[09Jun2026 23:39:31.198] [main/DEBUG] [mixin/]: MixinPlatformAgentMinecraftForge rejected container ModLauncher Root Container(ModLauncher:4f56a0a2)
[09Jun2026 23:39:31.199] [main/DEBUG] [mixin/]: Instancing new MixinPlatformAgentDefault for ModLauncher Root Container(ModLauncher:4f56a0a2)
[09Jun2026 23:39:31.199] [main/DEBUG] [mixin/]: MixinPlatformAgentDefault accepted container ModLauncher Root Container(ModLauncher:4f56a0a2)
[09Jun2026 23:39:31.200] [main/DEBUG] [cpw.mods.modlauncher.TransformationServiceDecorator/MODLAUNCHER]: Initialized transformation service mixin
[09Jun2026 23:39:31.200] [main/DEBUG] [cpw.mods.modlauncher.TransformationServiceDecorator/MODLAUNCHER]: Initializing transformation service fml
[09Jun2026 23:39:31.200] [main/DEBUG] [net.minecraftforge.fml.loading.FMLServiceProvider/CORE]: Setting up basic FML game directories
[09Jun2026 23:39:31.200] [main/DEBUG] [net.minecraftforge.fml.loading.FMLPaths/CORE]: Path GAMEDIR is /home/jumpwatch/IdeaProjects/magneticraft2/run-data
[09Jun2026 23:39:31.200] [main/DEBUG] [net.minecraftforge.fml.loading.FMLPaths/CORE]: Path MODSDIR is /home/jumpwatch/IdeaProjects/magneticraft2/run-data/mods
[09Jun2026 23:39:31.201] [main/DEBUG] [net.minecraftforge.fml.loading.FMLPaths/CORE]: Path CONFIGDIR is /home/jumpwatch/IdeaProjects/magneticraft2/run-data/config
[09Jun2026 23:39:31.201] [main/DEBUG] [net.minecraftforge.fml.loading.FMLPaths/CORE]: Path FMLCONFIG is /home/jumpwatch/IdeaProjects/magneticraft2/run-data/config/fml.toml
[09Jun2026 23:39:31.201] [main/DEBUG] [net.minecraftforge.fml.loading.FMLServiceProvider/CORE]: Loading configuration
[09Jun2026 23:39:31.202] [main/DEBUG] [net.minecraftforge.fml.loading.FMLServiceProvider/CORE]: Preparing ModFile
[09Jun2026 23:39:31.203] [main/DEBUG] [net.minecraftforge.fml.loading.FMLServiceProvider/CORE]: Preparing launch handler
[09Jun2026 23:39:31.203] [main/DEBUG] [net.minecraftforge.fml.loading.FMLLoader/CORE]: Using forgedatauserdev as launch service
[09Jun2026 23:39:31.209] [main/DEBUG] [net.minecraftforge.fml.loading.FMLLoader/CORE]: Received command line version data  : VersionInfo[forgeVersion=47.1.16, mcVersion=1.20.1, mcpVersion=20230612.114412, forgeGroup=net.minecraftforge]
[09Jun2026 23:39:31.209] [main/DEBUG] [cpw.mods.modlauncher.TransformationServiceDecorator/MODLAUNCHER]: Initialized transformation service fml
[09Jun2026 23:39:31.210] [main/DEBUG] [cpw.mods.modlauncher.NameMappingServiceHandler/MODLAUNCHER]: Current naming domain is 'mcp'
[09Jun2026 23:39:31.210] [main/DEBUG] [cpw.mods.modlauncher.NameMappingServiceHandler/MODLAUNCHER]: Identified name mapping providers {srg=srgtomcp:1234}
[09Jun2026 23:39:31.210] [main/DEBUG] [cpw.mods.modlauncher.TransformationServicesHandler/MODLAUNCHER]: Transformation services begin scanning
[09Jun2026 23:39:31.210] [main/DEBUG] [cpw.mods.modlauncher.TransformationServiceDecorator/MODLAUNCHER]: Beginning scan trigger - transformation service mixin
[09Jun2026 23:39:31.210] [main/DEBUG] [cpw.mods.modlauncher.TransformationServiceDecorator/MODLAUNCHER]: End scan trigger - transformation service mixin
[09Jun2026 23:39:31.211] [main/DEBUG] [cpw.mods.modlauncher.TransformationServiceDecorator/MODLAUNCHER]: Beginning scan trigger - transformation service fml
[09Jun2026 23:39:31.211] [main/DEBUG] [net.minecraftforge.fml.loading.FMLServiceProvider/CORE]: Initiating mod scan
[09Jun2026 23:39:31.215] [main/DEBUG] [net.minecraftforge.fml.loading.moddiscovery.ModListHandler/CORE]: Found mod coordinates from lists: []
[09Jun2026 23:39:31.216] [main/DEBUG] [net.minecraftforge.fml.loading.moddiscovery.ModDiscoverer/CORE]: Found Mod Locators : (mods folder:null),(maven libs:null),(exploded directory:null),(minecraft:null),(userdev classpath:null)
[09Jun2026 23:39:31.216] [main/DEBUG] [net.minecraftforge.fml.loading.moddiscovery.ModDiscoverer/CORE]: Found Dependency Locators : (JarInJar:null)
[09Jun2026 23:39:31.219] [main/DEBUG] [net.minecraftforge.fml.loading.targets.CommonLaunchHandler/CORE]: Got mod coordinates magneticraft2%%/home/jumpwatch/IdeaProjects/magneticraft2/build/resources/main:magneticraft2%%/home/jumpwatch/IdeaProjects/magneticraft2/build/classes/java/main from env
[09Jun2026 23:39:31.219] [main/DEBUG] [net.minecraftforge.fml.loading.targets.CommonLaunchHandler/CORE]: Found supplied mod coordinates [{magneticraft2=[/home/jumpwatch/IdeaProjects/magneticraft2/build/resources/main, /home/jumpwatch/IdeaProjects/magneticraft2/build/classes/java/main]}]
[09Jun2026 23:39:31.330] [main/DEBUG] [net.minecraftforge.fml.loading.moddiscovery.ModFileInfo/LOADING]: Found valid mod file forge-1.20.1-47.1.16_mapped_parchment_2023.07.16-1.20.1-recomp.jar with {minecraft} mods - versions {1.20.1}
[09Jun2026 23:39:31.331] [main/DEBUG] [net.minecraftforge.fml.loading.moddiscovery.ModFileParser/LOADING]: Considering mod file candidate /home/jumpwatch/.gradle/caches/modules-2/files-2.1/net.minecraftforge/javafmllanguage/1.20.1-47.1.16/40b535b3c7b92cfd0a91ed857771ea52505ac9aa/javafmllanguage-1.20.1-47.1.16.jar
[09Jun2026 23:39:31.331] [main/WARN] [net.minecraftforge.fml.loading.moddiscovery.ModFileParser/LOADING]: Mod file /home/jumpwatch/.gradle/caches/modules-2/files-2.1/net.minecraftforge/javafmllanguage/1.20.1-47.1.16/40b535b3c7b92cfd0a91ed857771ea52505ac9aa/javafmllanguage-1.20.1-47.1.16.jar is missing mods.toml file
[09Jun2026 23:39:31.332] [main/DEBUG] [net.minecraftforge.fml.loading.moddiscovery.ModFileParser/LOADING]: Considering mod file candidate /home/jumpwatch/.gradle/caches/modules-2/files-2.1/net.minecraftforge/lowcodelanguage/1.20.1-47.1.16/9a85c6b855060c7c8d1005cdb6f9b8e7253da41d/lowcodelanguage-1.20.1-47.1.16.jar
[09Jun2026 23:39:31.332] [main/WARN] [net.minecraftforge.fml.loading.moddiscovery.ModFileParser/LOADING]: Mod file /home/jumpwatch/.gradle/caches/modules-2/files-2.1/net.minecraftforge/lowcodelanguage/1.20.1-47.1.16/9a85c6b855060c7c8d1005cdb6f9b8e7253da41d/lowcodelanguage-1.20.1-47.1.16.jar is missing mods.toml file
[09Jun2026 23:39:31.332] [main/DEBUG] [net.minecraftforge.fml.loading.moddiscovery.ModFileParser/LOADING]: Considering mod file candidate /home/jumpwatch/.gradle/caches/modules-2/files-2.1/net.minecraftforge/mclanguage/1.20.1-47.1.16/c96c0c87c53621e3d1ace2e93508210d3cdc200a/mclanguage-1.20.1-47.1.16.jar
[09Jun2026 23:39:31.332] [main/WARN] [net.minecraftforge.fml.loading.moddiscovery.ModFileParser/LOADING]: Mod file /home/jumpwatch/.gradle/caches/modules-2/files-2.1/net.minecraftforge/mclanguage/1.20.1-47.1.16/c96c0c87c53621e3d1ace2e93508210d3cdc200a/mclanguage-1.20.1-47.1.16.jar is missing mods.toml file
[09Jun2026 23:39:31.333] [main/DEBUG] [net.minecraftforge.fml.loading.moddiscovery.ModFileParser/LOADING]: Considering mod file candidate /home/jumpwatch/.gradle/caches/modules-2/files-2.1/net.minecraftforge/fmlcore/1.20.1-47.1.16/8cd4bbb37ad4965273fcf1d8af83a54f2600118c/fmlcore-1.20.1-47.1.16.jar
[09Jun2026 23:39:31.333] [main/WARN] [net.minecraftforge.fml.loading.moddiscovery.ModFileParser/LOADING]: Mod file /home/jumpwatch/.gradle/caches/modules-2/files-2.1/net.minecraftforge/fmlcore/1.20.1-47.1.16/8cd4bbb37ad4965273fcf1d8af83a54f2600118c/fmlcore-1.20.1-47.1.16.jar is missing mods.toml file
[09Jun2026 23:39:31.334] [main/DEBUG] [net.minecraftforge.fml.loading.moddiscovery.ModFileParser/LOADING]: Considering mod file candidate /home/jumpwatch/IdeaProjects/magneticraft2/build/resources/main
[09Jun2026 23:39:31.337] [main/DEBUG] [net.minecraftforge.fml.loading.moddiscovery.ModFileInfo/LOADING]: Found valid mod file main with {magneticraft2} mods - versions {07.23.2025.120.1}
[09Jun2026 23:39:31.338] [main/DEBUG] [net.minecraftforge.fml.loading.moddiscovery.ModFileParser/LOADING]: Considering mod file candidate /
[09Jun2026 23:39:31.339] [main/DEBUG] [net.minecraftforge.fml.loading.moddiscovery.ModFileInfo/LOADING]: Found valid mod file  with {forge} mods - versions {47.1.16}
[09Jun2026 23:39:31.344] [main/DEBUG] [net.minecraftforge.fml.loading.moddiscovery.ModFileParser/LOADING]: Considering mod file candidate /home/jumpwatch/.gradle/caches/forge_gradle/deobf_dependencies/software/bernie/geckolib/geckolib-forge-1.20/4.2_mapped_parchment_2023.07.16-1.20.1/geckolib-forge-1.20-4.2_mapped_parchment_2023.07.16-1.20.1.jar
[09Jun2026 23:39:31.345] [main/DEBUG] [net.minecraftforge.fml.loading.moddiscovery.ModFileInfo/LOADING]: Found valid mod file geckolib-forge-1.20-4.2_mapped_parchment_2023.07.16-1.20.1.jar with {geckolib} mods - versions {4.2}
[09Jun2026 23:39:31.345] [main/DEBUG] [net.minecraftforge.fml.loading.moddiscovery.ModFileParser/LOADING]: Considering mod file candidate /home/jumpwatch/.gradle/caches/forge_gradle/deobf_dependencies/curse/maven/the-one-probe-245211/4613250_mapped_parchment_2023.07.16-1.20.1/the-one-probe-245211-4613250_mapped_parchment_2023.07.16-1.20.1.jar
[09Jun2026 23:39:31.346] [main/DEBUG] [net.minecraftforge.fml.loading.moddiscovery.ModFileInfo/LOADING]: Found valid mod file the-one-probe-245211-4613250_mapped_parchment_2023.07.16-1.20.1.jar with {theoneprobe} mods - versions {1.20.1-10.0.0}
[09Jun2026 23:39:31.349] [main/DEBUG] [net.minecraftforge.fml.loading.moddiscovery.ModFileParser/LOADING]: Considering mod file candidate /home/jumpwatch/.gradle/caches/forge_gradle/deobf_dependencies/curse/maven/mekanism-268560/5395221_mapped_parchment_2023.07.16-1.20.1/mekanism-268560-5395221_mapped_parchment_2023.07.16-1.20.1.jar
[09Jun2026 23:39:31.350] [main/DEBUG] [net.minecraftforge.fml.loading.moddiscovery.ModFileInfo/LOADING]: Found valid mod file mekanism-268560-5395221_mapped_parchment_2023.07.16-1.20.1.jar with {mekanism} mods - versions {10.4.8}
[09Jun2026 23:39:31.350] [main/DEBUG] [net.minecraftforge.fml.loading.moddiscovery.ModFileParser/LOADING]: Considering mod file candidate /home/jumpwatch/.gradle/caches/forge_gradle/deobf_dependencies/curse/maven/jei-238222/4609866_mapped_parchment_2023.07.16-1.20.1/jei-238222-4609866_mapped_parchment_2023.07.16-1.20.1.jar
[09Jun2026 23:39:31.351] [main/DEBUG] [net.minecraftforge.fml.loading.moddiscovery.ModFileInfo/LOADING]: Found valid mod file jei-238222-4609866_mapped_parchment_2023.07.16-1.20.1.jar with {jei} mods - versions {15.2.0.22}
[09Jun2026 23:39:31.351] [main/DEBUG] [net.minecraftforge.fml.loading.moddiscovery.ModFileParser/LOADING]: Considering mod file candidate /home/jumpwatch/.gradle/caches/forge_gradle/deobf_dependencies/curse/maven/patchouli-306770/4966125_mapped_parchment_2023.07.16-1.20.1/patchouli-306770-4966125_mapped_parchment_2023.07.16-1.20.1.jar
[09Jun2026 23:39:31.352] [main/DEBUG] [net.minecraftforge.fml.loading.moddiscovery.ModFileInfo/LOADING]: Found valid mod file patchouli-306770-4966125_mapped_parchment_2023.07.16-1.20.1.jar with {patchouli} mods - versions {1.20.1-84-FORGE}
[09Jun2026 23:39:31.352] [main/DEBUG] [net.minecraftforge.fml.loading.moddiscovery.ModFileParser/LOADING]: Considering mod file candidate /home/jumpwatch/.gradle/caches/forge_gradle/deobf_dependencies/software/bernie/geckolib/geckolib-forge-1.20/4.2_mapped_parchment_2023.07.16-1.20.1/geckolib-forge-1.20-4.2_mapped_parchment_2023.07.16-1.20.1.jar
[09Jun2026 23:39:31.353] [main/DEBUG] [net.minecraftforge.fml.loading.moddiscovery.ModFileInfo/LOADING]: Found valid mod file geckolib-forge-1.20-4.2_mapped_parchment_2023.07.16-1.20.1.jar with {geckolib} mods - versions {4.2}
[09Jun2026 23:39:31.353] [main/DEBUG] [net.minecraftforge.fml.loading.moddiscovery.ModFileParser/LOADING]: Considering mod file candidate /home/jumpwatch/.gradle/caches/forge_gradle/deobf_dependencies/curse/maven/the-one-probe-245211/4613250_mapped_parchment_2023.07.16-1.20.1/the-one-probe-245211-4613250_mapped_parchment_2023.07.16-1.20.1.jar
[09Jun2026 23:39:31.353] [main/DEBUG] [net.minecraftforge.fml.loading.moddiscovery.ModFileInfo/LOADING]: Found valid mod file the-one-probe-245211-4613250_mapped_parchment_2023.07.16-1.20.1.jar with {theoneprobe} mods - versions {1.20.1-10.0.0}
[09Jun2026 23:39:31.356] [main/DEBUG] [net.minecraftforge.fml.loading.moddiscovery.ModFileParser/LOADING]: Considering mod file candidate /home/jumpwatch/.gradle/caches/forge_gradle/deobf_dependencies/curse/maven/mekanism-268560/5395221_mapped_parchment_2023.07.16-1.20.1/mekanism-268560-5395221_mapped_parchment_2023.07.16-1.20.1.jar
[09Jun2026 23:39:31.356] [main/DEBUG] [net.minecraftforge.fml.loading.moddiscovery.ModFileInfo/LOADING]: Found valid mod file mekanism-268560-5395221_mapped_parchment_2023.07.16-1.20.1.jar with {mekanism} mods - versions {10.4.8}
[09Jun2026 23:39:31.357] [main/DEBUG] [net.minecraftforge.fml.loading.moddiscovery.ModFileParser/LOADING]: Considering mod file candidate /home/jumpwatch/.gradle/caches/forge_gradle/deobf_dependencies/curse/maven/jei-238222/4609866_mapped_parchment_2023.07.16-1.20.1/jei-238222-4609866_mapped_parchment_2023.07.16-1.20.1.jar
[09Jun2026 23:39:31.357] [main/DEBUG] [net.minecraftforge.fml.loading.moddiscovery.ModFileInfo/LOADING]: Found valid mod file jei-238222-4609866_mapped_parchment_2023.07.16-1.20.1.jar with {jei} mods - versions {15.2.0.22}
[09Jun2026 23:39:31.357] [main/DEBUG] [net.minecraftforge.fml.loading.moddiscovery.ModFileParser/LOADING]: Considering mod file candidate /home/jumpwatch/.gradle/caches/forge_gradle/deobf_dependencies/curse/maven/patchouli-306770/4966125_mapped_parchment_2023.07.16-1.20.1/patchouli-306770-4966125_mapped_parchment_2023.07.16-1.20.1.jar
[09Jun2026 23:39:31.358] [main/DEBUG] [net.minecraftforge.fml.loading.moddiscovery.ModFileInfo/LOADING]: Found valid mod file patchouli-306770-4966125_mapped_parchment_2023.07.16-1.20.1.jar with {patchouli} mods - versions {1.20.1-84-FORGE}
[09Jun2026 23:39:31.360] [main/DEBUG] [net.minecraftforge.fml.loading.UniqueModListBuilder/]: Found 2 mods for first modid theoneprobe, selecting most recent based on version data
[09Jun2026 23:39:31.360] [main/DEBUG] [net.minecraftforge.fml.loading.UniqueModListBuilder/]: Selected file the-one-probe-245211-4613250_mapped_parchment_2023.07.16-1.20.1.jar for modid theoneprobe with version 1.20.1-10.0.0
[09Jun2026 23:39:31.360] [main/DEBUG] [net.minecraftforge.fml.loading.UniqueModListBuilder/]: Found 2 mods for first modid mekanism, selecting most recent based on version data
[09Jun2026 23:39:31.360] [main/DEBUG] [net.minecraftforge.fml.loading.UniqueModListBuilder/]: Selected file mekanism-268560-5395221_mapped_parchment_2023.07.16-1.20.1.jar for modid mekanism with version 10.4.8
[09Jun2026 23:39:31.360] [main/DEBUG] [net.minecraftforge.fml.loading.UniqueModListBuilder/]: Found 2 mods for first modid patchouli, selecting most recent based on version data
[09Jun2026 23:39:31.361] [main/DEBUG] [net.minecraftforge.fml.loading.UniqueModListBuilder/]: Selected file patchouli-306770-4966125_mapped_parchment_2023.07.16-1.20.1.jar for modid patchouli with version 1.20.1-84-FORGE
[09Jun2026 23:39:31.361] [main/DEBUG] [net.minecraftforge.fml.loading.UniqueModListBuilder/]: Found 2 mods for first modid geckolib, selecting most recent based on version data
[09Jun2026 23:39:31.361] [main/DEBUG] [net.minecraftforge.fml.loading.UniqueModListBuilder/]: Selected file geckolib-forge-1.20-4.2_mapped_parchment_2023.07.16-1.20.1.jar for modid geckolib with version 4.2
[09Jun2026 23:39:31.361] [main/DEBUG] [net.minecraftforge.fml.loading.UniqueModListBuilder/]: Found 2 mods for first modid jei, selecting most recent based on version data
[09Jun2026 23:39:31.361] [main/DEBUG] [net.minecraftforge.fml.loading.UniqueModListBuilder/]: Selected file jei-238222-4609866_mapped_parchment_2023.07.16-1.20.1.jar for modid jei with version 15.2.0.22
[09Jun2026 23:39:31.363] [main/DEBUG] [net.minecraftforge.fml.loading.moddiscovery.AbstractJarFileDependencyLocator/]: Failed to load resource META-INF/jarjar/metadata.json from forge-1.20.1-47.1.16_mapped_parchment_2023.07.16-1.20.1-recomp.jar, it does not contain dependency information.
[09Jun2026 23:39:31.363] [main/DEBUG] [net.minecraftforge.fml.loading.moddiscovery.AbstractJarFileDependencyLocator/]: Failed to load resource META-INF/jarjar/metadata.json from the-one-probe-245211-4613250_mapped_parchment_2023.07.16-1.20.1.jar, it does not contain dependency information.
[09Jun2026 23:39:31.363] [main/DEBUG] [net.minecraftforge.fml.loading.moddiscovery.AbstractJarFileDependencyLocator/]: Failed to load resource META-INF/jarjar/metadata.json from mekanism-268560-5395221_mapped_parchment_2023.07.16-1.20.1.jar, it does not contain dependency information.
[09Jun2026 23:39:31.363] [main/DEBUG] [net.minecraftforge.fml.loading.moddiscovery.AbstractJarFileDependencyLocator/]: Failed to load resource META-INF/jarjar/metadata.json from , it does not contain dependency information.
[09Jun2026 23:39:31.364] [main/DEBUG] [net.minecraftforge.fml.loading.moddiscovery.AbstractJarFileDependencyLocator/]: Failed to load resource META-INF/jarjar/metadata.json from main, it does not contain dependency information.
[09Jun2026 23:39:31.364] [main/DEBUG] [net.minecraftforge.fml.loading.moddiscovery.AbstractJarFileDependencyLocator/]: Failed to load resource META-INF/jarjar/metadata.json from patchouli-306770-4966125_mapped_parchment_2023.07.16-1.20.1.jar, it does not contain dependency information.
[09Jun2026 23:39:31.364] [main/DEBUG] [net.minecraftforge.fml.loading.moddiscovery.AbstractJarFileDependencyLocator/]: Failed to load resource META-INF/jarjar/metadata.json from geckolib-forge-1.20-4.2_mapped_parchment_2023.07.16-1.20.1.jar, it does not contain dependency information.
[09Jun2026 23:39:31.364] [main/DEBUG] [net.minecraftforge.fml.loading.moddiscovery.AbstractJarFileDependencyLocator/]: Failed to load resource META-INF/jarjar/metadata.json from jei-238222-4609866_mapped_parchment_2023.07.16-1.20.1.jar, it does not contain dependency information.
[09Jun2026 23:39:31.364] [main/DEBUG] [net.minecraftforge.fml.loading.moddiscovery.AbstractJarFileDependencyLocator/]: Failed to load resource META-INF/jarjar/metadata.json from mclanguage-1.20.1-47.1.16.jar, it does not contain dependency information.
[09Jun2026 23:39:31.364] [main/DEBUG] [net.minecraftforge.fml.loading.moddiscovery.AbstractJarFileDependencyLocator/]: Failed to load resource META-INF/jarjar/metadata.json from javafmllanguage-1.20.1-47.1.16.jar, it does not contain dependency information.
[09Jun2026 23:39:31.364] [main/DEBUG] [net.minecraftforge.fml.loading.moddiscovery.AbstractJarFileDependencyLocator/]: Failed to load resource META-INF/jarjar/metadata.json from fmlcore-1.20.1-47.1.16.jar, it does not contain dependency information.
[09Jun2026 23:39:31.364] [main/DEBUG] [net.minecraftforge.fml.loading.moddiscovery.AbstractJarFileDependencyLocator/]: Failed to load resource META-INF/jarjar/metadata.json from lowcodelanguage-1.20.1-47.1.16.jar, it does not contain dependency information.
[09Jun2026 23:39:31.373] [main/INFO] [net.minecraftforge.fml.loading.moddiscovery.JarInJarDependencyLocator/]: No dependencies to load found. Skipping!
[09Jun2026 23:39:31.374] [main/DEBUG] [net.minecraftforge.fml.loading.moddiscovery.ModFileInfo/LOADING]: Found valid mod file forge-1.20.1-47.1.16_mapped_parchment_2023.07.16-1.20.1-recomp.jar with {minecraft} mods - versions {1.20.1}
[09Jun2026 23:39:31.376] [main/DEBUG] [net.minecraftforge.fml.loading.moddiscovery.ModFile/LOADING]: Loading mod file /home/jumpwatch/IdeaProjects/magneticraft2/build/fg_cache/net/minecraftforge/forge/1.20.1-47.1.16_mapped_parchment_2023.07.16-1.20.1/forge-1.20.1-47.1.16_mapped_parchment_2023.07.16-1.20.1-recomp.jar with languages [LanguageSpec[languageName=minecraft, acceptedVersions=1]]
[09Jun2026 23:39:31.376] [main/DEBUG] [net.minecraftforge.fml.loading.moddiscovery.ModFileParser/LOADING]: Considering mod file candidate /home/jumpwatch/.gradle/caches/forge_gradle/deobf_dependencies/curse/maven/the-one-probe-245211/4613250_mapped_parchment_2023.07.16-1.20.1/the-one-probe-245211-4613250_mapped_parchment_2023.07.16-1.20.1.jar
[09Jun2026 23:39:31.376] [main/DEBUG] [net.minecraftforge.fml.loading.moddiscovery.ModFileInfo/LOADING]: Found valid mod file the-one-probe-245211-4613250_mapped_parchment_2023.07.16-1.20.1.jar with {theoneprobe} mods - versions {1.20.1-10.0.0}
[09Jun2026 23:39:31.376] [main/DEBUG] [net.minecraftforge.fml.loading.moddiscovery.ModFile/LOADING]: Loading mod file /home/jumpwatch/.gradle/caches/forge_gradle/deobf_dependencies/curse/maven/the-one-probe-245211/4613250_mapped_parchment_2023.07.16-1.20.1/the-one-probe-245211-4613250_mapped_parchment_2023.07.16-1.20.1.jar with languages [LanguageSpec[languageName=javafml, acceptedVersions=[47,)]]
[09Jun2026 23:39:31.376] [main/DEBUG] [net.minecraftforge.fml.loading.moddiscovery.ModFileParser/LOADING]: Considering mod file candidate /home/jumpwatch/.gradle/caches/forge_gradle/deobf_dependencies/curse/maven/mekanism-268560/5395221_mapped_parchment_2023.07.16-1.20.1/mekanism-268560-5395221_mapped_parchment_2023.07.16-1.20.1.jar
[09Jun2026 23:39:31.377] [main/DEBUG] [net.minecraftforge.fml.loading.moddiscovery.ModFileInfo/LOADING]: Found valid mod file mekanism-268560-5395221_mapped_parchment_2023.07.16-1.20.1.jar with {mekanism} mods - versions {10.4.8}
[09Jun2026 23:39:31.377] [main/DEBUG] [net.minecraftforge.fml.loading.moddiscovery.ModFile/LOADING]: Loading mod file /home/jumpwatch/.gradle/caches/forge_gradle/deobf_dependencies/curse/maven/mekanism-268560/5395221_mapped_parchment_2023.07.16-1.20.1/mekanism-268560-5395221_mapped_parchment_2023.07.16-1.20.1.jar with languages [LanguageSpec[languageName=javafml, acceptedVersions=[47,)]]
[09Jun2026 23:39:31.377] [main/DEBUG] [net.minecraftforge.fml.loading.moddiscovery.ModFileParser/LOADING]: Considering mod file candidate /
[09Jun2026 23:39:31.377] [main/DEBUG] [net.minecraftforge.fml.loading.moddiscovery.ModFileInfo/LOADING]: Found valid mod file  with {forge} mods - versions {47.1.16}
[09Jun2026 23:39:31.377] [main/DEBUG] [net.minecraftforge.fml.loading.moddiscovery.ModFile/LOADING]: Loading mod file / with languages [LanguageSpec[languageName=javafml, acceptedVersions=[24,]]]
[09Jun2026 23:39:31.390] [main/DEBUG] [net.minecraftforge.fml.loading.moddiscovery.ModFileParser/LOADING]: Found coremod field_to_method with Javascript path coremods/field_to_method.js
[09Jun2026 23:39:31.390] [main/DEBUG] [net.minecraftforge.fml.loading.moddiscovery.ModFileParser/LOADING]: Found coremod field_to_instanceof with Javascript path coremods/field_to_instanceof.js
[09Jun2026 23:39:31.390] [main/DEBUG] [net.minecraftforge.fml.loading.moddiscovery.ModFileParser/LOADING]: Found coremod add_bouncer_method with Javascript path coremods/add_bouncer_method.js
[09Jun2026 23:39:31.390] [main/DEBUG] [net.minecraftforge.fml.loading.moddiscovery.ModFileParser/LOADING]: Found coremod method_redirector with Javascript path coremods/method_redirector.js
[09Jun2026 23:39:31.390] [main/DEBUG] [net.minecraftforge.fml.loading.moddiscovery.ModFile/LOADING]: Found coremod coremods/field_to_method.js
[09Jun2026 23:39:31.390] [main/DEBUG] [net.minecraftforge.fml.loading.moddiscovery.ModFile/LOADING]: Found coremod coremods/field_to_instanceof.js
[09Jun2026 23:39:31.391] [main/DEBUG] [net.minecraftforge.fml.loading.moddiscovery.ModFile/LOADING]: Found coremod coremods/add_bouncer_method.js
[09Jun2026 23:39:31.391] [main/DEBUG] [net.minecraftforge.fml.loading.moddiscovery.ModFile/LOADING]: Found coremod coremods/method_redirector.js
[09Jun2026 23:39:31.391] [main/DEBUG] [net.minecraftforge.fml.loading.moddiscovery.ModFileParser/LOADING]: Considering mod file candidate /home/jumpwatch/IdeaProjects/magneticraft2/build/resources/main
[09Jun2026 23:39:31.391] [main/DEBUG] [net.minecraftforge.fml.loading.moddiscovery.ModFileInfo/LOADING]: Found valid mod file main with {magneticraft2} mods - versions {07.23.2025.120.1}
[09Jun2026 23:39:31.391] [main/DEBUG] [net.minecraftforge.fml.loading.moddiscovery.ModFile/LOADING]: Loading mod file /home/jumpwatch/IdeaProjects/magneticraft2/build/resources/main with languages [LanguageSpec[languageName=javafml, acceptedVersions=[47,)]]
[09Jun2026 23:39:31.391] [main/DEBUG] [net.minecraftforge.fml.loading.moddiscovery.ModFileParser/LOADING]: Considering mod file candidate /home/jumpwatch/.gradle/caches/forge_gradle/deobf_dependencies/curse/maven/patchouli-306770/4966125_mapped_parchment_2023.07.16-1.20.1/patchouli-306770-4966125_mapped_parchment_2023.07.16-1.20.1.jar
[09Jun2026 23:39:31.392] [main/DEBUG] [net.minecraftforge.fml.loading.moddiscovery.ModFileInfo/LOADING]: Found valid mod file patchouli-306770-4966125_mapped_parchment_2023.07.16-1.20.1.jar with {patchouli} mods - versions {1.20.1-84-FORGE}
[09Jun2026 23:39:31.392] [main/DEBUG] [net.minecraftforge.fml.loading.moddiscovery.ModFile/LOADING]: Loading mod file /home/jumpwatch/.gradle/caches/forge_gradle/deobf_dependencies/curse/maven/patchouli-306770/4966125_mapped_parchment_2023.07.16-1.20.1/patchouli-306770-4966125_mapped_parchment_2023.07.16-1.20.1.jar with languages [LanguageSpec[languageName=javafml, acceptedVersions=[47,)]]
[09Jun2026 23:39:31.392] [main/DEBUG] [net.minecraftforge.fml.loading.moddiscovery.ModFileParser/LOADING]: Considering mod file candidate /home/jumpwatch/.gradle/caches/forge_gradle/deobf_dependencies/software/bernie/geckolib/geckolib-forge-1.20/4.2_mapped_parchment_2023.07.16-1.20.1/geckolib-forge-1.20-4.2_mapped_parchment_2023.07.16-1.20.1.jar
[09Jun2026 23:39:31.392] [main/DEBUG] [net.minecraftforge.fml.loading.moddiscovery.ModFileInfo/LOADING]: Found valid mod file geckolib-forge-1.20-4.2_mapped_parchment_2023.07.16-1.20.1.jar with {geckolib} mods - versions {4.2}
[09Jun2026 23:39:31.392] [main/DEBUG] [net.minecraftforge.fml.loading.moddiscovery.ModFile/LOADING]: Loading mod file /home/jumpwatch/.gradle/caches/forge_gradle/deobf_dependencies/software/bernie/geckolib/geckolib-forge-1.20/4.2_mapped_parchment_2023.07.16-1.20.1/geckolib-forge-1.20-4.2_mapped_parchment_2023.07.16-1.20.1.jar with languages [LanguageSpec[languageName=javafml, acceptedVersions=[46,)]]
[09Jun2026 23:39:31.392] [main/DEBUG] [net.minecraftforge.fml.loading.moddiscovery.ModFileParser/LOADING]: Considering mod file candidate /home/jumpwatch/.gradle/caches/forge_gradle/deobf_dependencies/curse/maven/jei-238222/4609866_mapped_parchment_2023.07.16-1.20.1/jei-238222-4609866_mapped_parchment_2023.07.16-1.20.1.jar
[09Jun2026 23:39:31.393] [main/DEBUG] [net.minecraftforge.fml.loading.moddiscovery.ModFileInfo/LOADING]: Found valid mod file jei-238222-4609866_mapped_parchment_2023.07.16-1.20.1.jar with {jei} mods - versions {15.2.0.22}
[09Jun2026 23:39:31.393] [main/DEBUG] [net.minecraftforge.fml.loading.moddiscovery.ModFile/LOADING]: Loading mod file /home/jumpwatch/.gradle/caches/forge_gradle/deobf_dependencies/curse/maven/jei-238222/4609866_mapped_parchment_2023.07.16-1.20.1/jei-238222-4609866_mapped_parchment_2023.07.16-1.20.1.jar with languages [LanguageSpec[languageName=javafml, acceptedVersions=[47,)]]
[09Jun2026 23:39:31.393] [main/DEBUG] [cpw.mods.modlauncher.TransformationServiceDecorator/MODLAUNCHER]: End scan trigger - transformation service fml
[09Jun2026 23:39:31.399] [main/DEBUG] [net.minecraftforge.fml.loading.LanguageLoadingProvider/CORE]: Found 3 language providers
[09Jun2026 23:39:31.400] [main/DEBUG] [net.minecraftforge.fml.loading.LanguageLoadingProvider/CORE]: Found language provider minecraft, version 1.0
[09Jun2026 23:39:31.400] [main/DEBUG] [net.minecraftforge.fml.loading.LanguageLoadingProvider/CORE]: Found language provider lowcodefml, version 47
[09Jun2026 23:39:31.400] [main/DEBUG] [net.minecraftforge.fml.loading.LanguageLoadingProvider/CORE]: Found language provider javafml, version 47
[09Jun2026 23:39:31.402] [main/DEBUG] [net.minecraftforge.fml.loading.ModSorter/]: Configured system mods: [minecraft, forge]
[09Jun2026 23:39:31.402] [main/DEBUG] [net.minecraftforge.fml.loading.ModSorter/]: Found system mod: minecraft
[09Jun2026 23:39:31.402] [main/DEBUG] [net.minecraftforge.fml.loading.ModSorter/]: Found system mod: forge
[09Jun2026 23:39:31.403] [main/DEBUG] [net.minecraftforge.fml.loading.ModSorter/LOADING]: Found 16 mod requirements (11 mandatory, 5 optional)
[09Jun2026 23:39:31.403] [main/DEBUG] [net.minecraftforge.fml.loading.ModSorter/LOADING]: Found 0 mod requirements missing (0 mandatory, 0 optional)
[09Jun2026 23:39:31.589] [main/DEBUG] [net.minecraftforge.fml.loading.MCPNamingService/CORE]: Loaded 34318 method mappings from methods.csv
[09Jun2026 23:39:31.606] [main/DEBUG] [net.minecraftforge.fml.loading.MCPNamingService/CORE]: Loaded 31011 field mappings from fields.csv
[09Jun2026 23:39:31.634] [main/DEBUG] [cpw.mods.modlauncher.TransformationServicesHandler/MODLAUNCHER]: Transformation services loading transformers
[09Jun2026 23:39:31.634] [main/DEBUG] [cpw.mods.modlauncher.TransformationServiceDecorator/MODLAUNCHER]: Initializing transformers for transformation service mixin
[09Jun2026 23:39:31.635] [main/DEBUG] [cpw.mods.modlauncher.TransformationServiceDecorator/MODLAUNCHER]: Initialized transformers for transformation service mixin
[09Jun2026 23:39:31.635] [main/DEBUG] [cpw.mods.modlauncher.TransformationServiceDecorator/MODLAUNCHER]: Initializing transformers for transformation service fml
[09Jun2026 23:39:31.635] [main/DEBUG] [net.minecraftforge.fml.loading.FMLServiceProvider/CORE]: Loading coremod transformers
[09Jun2026 23:39:31.635] [main/DEBUG] [net.minecraftforge.coremod.CoreModEngine/COREMOD]: Loading CoreMod from coremods/field_to_method.js
[09Jun2026 23:39:31.708] [main/DEBUG] [net.minecraftforge.coremod.CoreModEngine/COREMOD]: CoreMod loaded successfully
[09Jun2026 23:39:31.709] [main/DEBUG] [net.minecraftforge.coremod.CoreModEngine/COREMOD]: Loading CoreMod from coremods/field_to_instanceof.js
[09Jun2026 23:39:31.749] [main/DEBUG] [net.minecraftforge.coremod.CoreModEngine/COREMOD]: CoreMod loaded successfully
[09Jun2026 23:39:31.749] [main/DEBUG] [net.minecraftforge.coremod.CoreModEngine/COREMOD]: Loading CoreMod from coremods/add_bouncer_method.js
[09Jun2026 23:39:31.767] [main/DEBUG] [net.minecraftforge.coremod.CoreModEngine/COREMOD]: CoreMod loaded successfully
[09Jun2026 23:39:31.767] [main/DEBUG] [net.minecraftforge.coremod.CoreModEngine/COREMOD]: Loading CoreMod from coremods/method_redirector.js
[09Jun2026 23:39:31.795] [main/DEBUG] [net.minecraftforge.coremod.CoreModEngine/COREMOD]: CoreMod loaded successfully
[09Jun2026 23:39:31.800] [main/DEBUG] [cpw.mods.modlauncher.TransformStore/MODLAUNCHER]: Adding transformer net.minecraftforge.coremod.transformer.CoreModClassTransformer@7b66322e to Target : CLASS {Lnet/minecraft/world/level/biome/Biome;} {} {V}
[09Jun2026 23:39:31.801] [main/DEBUG] [cpw.mods.modlauncher.TransformStore/MODLAUNCHER]: Adding transformer net.minecraftforge.coremod.transformer.CoreModClassTransformer@65e0b505 to Target : CLASS {Lnet/minecraft/world/level/levelgen/structure/Structure;} {} {V}
[09Jun2026 23:39:31.801] [main/DEBUG] [cpw.mods.modlauncher.TransformStore/MODLAUNCHER]: Adding transformer net.minecraftforge.coremod.transformer.CoreModClassTransformer@67de7a99 to Target : CLASS {Lnet/minecraft/world/effect/MobEffectInstance;} {} {V}
[09Jun2026 23:39:31.801] [main/DEBUG] [cpw.mods.modlauncher.TransformStore/MODLAUNCHER]: Adding transformer net.minecraftforge.coremod.transformer.CoreModClassTransformer@795f5d51 to Target : CLASS {Lnet/minecraft/world/level/block/LiquidBlock;} {} {V}
[09Jun2026 23:39:31.801] [main/DEBUG] [cpw.mods.modlauncher.TransformStore/MODLAUNCHER]: Adding transformer net.minecraftforge.coremod.transformer.CoreModClassTransformer@34aeacd1 to Target : CLASS {Lnet/minecraft/world/item/BucketItem;} {} {V}
[09Jun2026 23:39:31.801] [main/DEBUG] [cpw.mods.modlauncher.TransformStore/MODLAUNCHER]: Adding transformer net.minecraftforge.coremod.transformer.CoreModClassTransformer@54067fdc to Target : CLASS {Lnet/minecraft/world/level/block/StairBlock;} {} {V}
[09Jun2026 23:39:31.801] [main/DEBUG] [cpw.mods.modlauncher.TransformStore/MODLAUNCHER]: Adding transformer net.minecraftforge.coremod.transformer.CoreModClassTransformer@4098dd77 to Target : CLASS {Lnet/minecraft/world/level/block/FlowerPotBlock;} {} {V}
[09Jun2026 23:39:31.801] [main/DEBUG] [cpw.mods.modlauncher.TransformStore/MODLAUNCHER]: Adding transformer net.minecraftforge.coremod.transformer.CoreModClassTransformer@43aeb5e0 to Target : CLASS {Lnet/minecraft/world/item/ItemStack;} {} {V}
[09Jun2026 23:39:31.801] [main/DEBUG] [cpw.mods.modlauncher.TransformStore/MODLAUNCHER]: Adding transformer net.minecraftforge.coremod.transformer.CoreModClassTransformer@2274160 to Target : CLASS {Lnet/minecraft/network/play/client/CClientSettingsPacket;} {} {V}
[09Jun2026 23:39:31.801] [main/DEBUG] [cpw.mods.modlauncher.TransformStore/MODLAUNCHER]: Adding transformer net.minecraftforge.coremod.transformer.CoreModClassTransformer@65383667 to Target : CLASS {Lnet/minecraft/world/entity/npc/CatSpawner;} {} {V}
[09Jun2026 23:39:31.801] [main/DEBUG] [cpw.mods.modlauncher.TransformStore/MODLAUNCHER]: Adding transformer net.minecraftforge.coremod.transformer.CoreModClassTransformer@65383667 to Target : CLASS {Lnet/minecraft/world/level/levelgen/structure/structures/WoodlandMansionPieces$WoodlandMansionPiece;} {} {V}
[09Jun2026 23:39:31.801] [main/DEBUG] [cpw.mods.modlauncher.TransformStore/MODLAUNCHER]: Adding transformer net.minecraftforge.coremod.transformer.CoreModClassTransformer@65383667 to Target : CLASS {Lnet/minecraft/world/level/levelgen/PhantomSpawner;} {} {V}
[09Jun2026 23:39:31.801] [main/DEBUG] [cpw.mods.modlauncher.TransformStore/MODLAUNCHER]: Adding transformer net.minecraftforge.coremod.transformer.CoreModClassTransformer@65383667 to Target : CLASS {Lnet/minecraft/world/level/levelgen/structure/structures/SwampHutPiece;} {} {V}
[09Jun2026 23:39:31.801] [main/DEBUG] [cpw.mods.modlauncher.TransformStore/MODLAUNCHER]: Adding transformer net.minecraftforge.coremod.transformer.CoreModClassTransformer@65383667 to Target : CLASS {Lnet/minecraft/world/level/levelgen/structure/templatesystem/StructureTemplate;} {} {V}
[09Jun2026 23:39:31.801] [main/DEBUG] [cpw.mods.modlauncher.TransformStore/MODLAUNCHER]: Adding transformer net.minecraftforge.coremod.transformer.CoreModClassTransformer@65383667 to Target : CLASS {Lnet/minecraft/world/entity/EntityType;} {} {V}
[09Jun2026 23:39:31.801] [main/DEBUG] [cpw.mods.modlauncher.TransformStore/MODLAUNCHER]: Adding transformer net.minecraftforge.coremod.transformer.CoreModClassTransformer@65383667 to Target : CLASS {Lnet/minecraft/world/entity/animal/horse/SkeletonTrapGoal;} {} {V}
[09Jun2026 23:39:31.801] [main/DEBUG] [cpw.mods.modlauncher.TransformStore/MODLAUNCHER]: Adding transformer net.minecraftforge.coremod.transformer.CoreModClassTransformer@65383667 to Target : CLASS {Lnet/minecraft/world/entity/animal/frog/Tadpole;} {} {V}
[09Jun2026 23:39:31.801] [main/DEBUG] [cpw.mods.modlauncher.TransformStore/MODLAUNCHER]: Adding transformer net.minecraftforge.coremod.transformer.CoreModClassTransformer@65383667 to Target : CLASS {Lnet/minecraft/world/entity/monster/Zombie;} {} {V}
[09Jun2026 23:39:31.801] [main/DEBUG] [cpw.mods.modlauncher.TransformStore/MODLAUNCHER]: Adding transformer net.minecraftforge.coremod.transformer.CoreModClassTransformer@65383667 to Target : CLASS {Lnet/minecraft/world/level/NaturalSpawner;} {} {V}
[09Jun2026 23:39:31.802] [main/DEBUG] [cpw.mods.modlauncher.TransformStore/MODLAUNCHER]: Adding transformer net.minecraftforge.coremod.transformer.CoreModClassTransformer@65383667 to Target : CLASS {Lnet/minecraft/world/entity/monster/Spider;} {} {V}
[09Jun2026 23:39:31.802] [main/DEBUG] [cpw.mods.modlauncher.TransformStore/MODLAUNCHER]: Adding transformer net.minecraftforge.coremod.transformer.CoreModClassTransformer@65383667 to Target : CLASS {Lnet/minecraft/world/level/levelgen/PatrolSpawner;} {} {V}
[09Jun2026 23:39:31.802] [main/DEBUG] [cpw.mods.modlauncher.TransformStore/MODLAUNCHER]: Adding transformer net.minecraftforge.coremod.transformer.CoreModClassTransformer@65383667 to Target : CLASS {Lnet/minecraft/server/commands/RaidCommand;} {} {V}
[09Jun2026 23:39:31.802] [main/DEBUG] [cpw.mods.modlauncher.TransformStore/MODLAUNCHER]: Adding transformer net.minecraftforge.coremod.transformer.CoreModClassTransformer@65383667 to Target : CLASS {Lnet/minecraft/world/entity/raid/Raid;} {} {V}
[09Jun2026 23:39:31.802] [main/DEBUG] [cpw.mods.modlauncher.TransformStore/MODLAUNCHER]: Adding transformer net.minecraftforge.coremod.transformer.CoreModClassTransformer@65383667 to Target : CLASS {Lnet/minecraft/world/level/levelgen/structure/structures/OceanMonumentPieces$OceanMonumentPiece;} {} {V}
[09Jun2026 23:39:31.802] [main/DEBUG] [cpw.mods.modlauncher.TransformStore/MODLAUNCHER]: Adding transformer net.minecraftforge.coremod.transformer.CoreModClassTransformer@65383667 to Target : CLASS {Lnet/minecraft/server/commands/SummonCommand;} {} {V}
[09Jun2026 23:39:31.802] [main/DEBUG] [cpw.mods.modlauncher.TransformStore/MODLAUNCHER]: Adding transformer net.minecraftforge.coremod.transformer.CoreModClassTransformer@65383667 to Target : CLASS {Lnet/minecraft/world/entity/ai/village/VillageSiege;} {} {V}
[09Jun2026 23:39:31.802] [main/DEBUG] [cpw.mods.modlauncher.TransformStore/MODLAUNCHER]: Adding transformer net.minecraftforge.coremod.transformer.CoreModClassTransformer@65383667 to Target : CLASS {Lnet/minecraft/world/entity/npc/Villager;} {} {V}
[09Jun2026 23:39:31.802] [main/DEBUG] [cpw.mods.modlauncher.TransformStore/MODLAUNCHER]: Adding transformer net.minecraftforge.coremod.transformer.CoreModClassTransformer@65383667 to Target : CLASS {Lnet/minecraft/world/entity/monster/Strider;} {} {V}
[09Jun2026 23:39:31.802] [main/DEBUG] [cpw.mods.modlauncher.TransformStore/MODLAUNCHER]: Adding transformer net.minecraftforge.coremod.transformer.CoreModClassTransformer@65383667 to Target : CLASS {Lnet/minecraft/world/entity/monster/ZombieVillager;} {} {V}
[09Jun2026 23:39:31.802] [main/DEBUG] [cpw.mods.modlauncher.TransformStore/MODLAUNCHER]: Adding transformer net.minecraftforge.coremod.transformer.CoreModClassTransformer@65383667 to Target : CLASS {Lnet/minecraft/world/level/levelgen/structure/structures/OceanRuinPieces$OceanRuinPiece;} {} {V}
[09Jun2026 23:39:31.802] [main/DEBUG] [cpw.mods.modlauncher.TransformStore/MODLAUNCHER]: Adding transformer net.minecraftforge.coremod.transformer.CoreModClassTransformer@65383667 to Target : CLASS {Lnet/minecraft/world/entity/monster/Evoker$EvokerSummonSpellGoal;} {} {V}
[09Jun2026 23:39:31.802] [main/DEBUG] [cpw.mods.modlauncher.TransformationServiceDecorator/MODLAUNCHER]: Initialized transformers for transformation service fml
[09Jun2026 23:39:32.036] [main/DEBUG] [mixin/]: Processing prepare() for PlatformAgent[MixinPlatformAgentDefault:ModLauncher Root Container(ModLauncher:4f56a0a2)]
[09Jun2026 23:39:32.036] [main/DEBUG] [mixin/]: Processing launch tasks for PlatformAgent[MixinPlatformAgentDefault:ModLauncher Root Container(ModLauncher:4f56a0a2)]
[09Jun2026 23:39:32.036] [main/DEBUG] [mixin/]: Adding mixin platform agents for container SecureJarResource(minecraft)
[09Jun2026 23:39:32.036] [main/DEBUG] [mixin/]: Instancing new MixinPlatformAgentMinecraftForge for SecureJarResource(minecraft)
[09Jun2026 23:39:32.036] [main/DEBUG] [mixin/]: MixinPlatformAgentMinecraftForge rejected container SecureJarResource(minecraft)
[09Jun2026 23:39:32.037] [main/DEBUG] [mixin/]: Instancing new MixinPlatformAgentDefault for SecureJarResource(minecraft)
[09Jun2026 23:39:32.037] [main/DEBUG] [mixin/]: MixinPlatformAgentDefault accepted container SecureJarResource(minecraft)
[09Jun2026 23:39:32.037] [main/DEBUG] [mixin/]: Processing prepare() for PlatformAgent[MixinPlatformAgentDefault:SecureJarResource(minecraft)]
[09Jun2026 23:39:32.037] [main/DEBUG] [mixin/]: Adding mixin platform agents for container SecureJarResource(theoneprobe)
[09Jun2026 23:39:32.037] [main/DEBUG] [mixin/]: Instancing new MixinPlatformAgentMinecraftForge for SecureJarResource(theoneprobe)
[09Jun2026 23:39:32.037] [main/DEBUG] [mixin/]: MixinPlatformAgentMinecraftForge rejected container SecureJarResource(theoneprobe)
[09Jun2026 23:39:32.037] [main/DEBUG] [mixin/]: Instancing new MixinPlatformAgentDefault for SecureJarResource(theoneprobe)
[09Jun2026 23:39:32.037] [main/DEBUG] [mixin/]: MixinPlatformAgentDefault accepted container SecureJarResource(theoneprobe)
[09Jun2026 23:39:32.037] [main/DEBUG] [mixin/]: Processing prepare() for PlatformAgent[MixinPlatformAgentDefault:SecureJarResource(theoneprobe)]
[09Jun2026 23:39:32.037] [main/DEBUG] [mixin/]: Adding mixin platform agents for container SecureJarResource(mekanism)
[09Jun2026 23:39:32.037] [main/DEBUG] [mixin/]: Instancing new MixinPlatformAgentMinecraftForge for SecureJarResource(mekanism)
[09Jun2026 23:39:32.037] [main/DEBUG] [mixin/]: MixinPlatformAgentMinecraftForge rejected container SecureJarResource(mekanism)
[09Jun2026 23:39:32.037] [main/DEBUG] [mixin/]: Instancing new MixinPlatformAgentDefault for SecureJarResource(mekanism)
[09Jun2026 23:39:32.037] [main/DEBUG] [mixin/]: MixinPlatformAgentDefault accepted container SecureJarResource(mekanism)
[09Jun2026 23:39:32.037] [main/DEBUG] [mixin/]: Processing prepare() for PlatformAgent[MixinPlatformAgentDefault:SecureJarResource(mekanism)]
[09Jun2026 23:39:32.037] [main/DEBUG] [mixin/]: Adding mixin platform agents for container SecureJarResource(forge)
[09Jun2026 23:39:32.037] [main/DEBUG] [mixin/]: Instancing new MixinPlatformAgentMinecraftForge for SecureJarResource(forge)
[09Jun2026 23:39:32.037] [main/DEBUG] [mixin/]: MixinPlatformAgentMinecraftForge rejected container SecureJarResource(forge)
[09Jun2026 23:39:32.037] [main/DEBUG] [mixin/]: Instancing new MixinPlatformAgentDefault for SecureJarResource(forge)
[09Jun2026 23:39:32.037] [main/DEBUG] [mixin/]: MixinPlatformAgentDefault accepted container SecureJarResource(forge)
[09Jun2026 23:39:32.037] [main/DEBUG] [mixin/]: Processing prepare() for PlatformAgent[MixinPlatformAgentDefault:SecureJarResource(forge)]
[09Jun2026 23:39:32.037] [main/DEBUG] [mixin/]: Adding mixin platform agents for container SecureJarResource(magneticraft2)
[09Jun2026 23:39:32.037] [main/DEBUG] [mixin/]: Instancing new MixinPlatformAgentMinecraftForge for SecureJarResource(magneticraft2)
[09Jun2026 23:39:32.037] [main/DEBUG] [mixin/]: MixinPlatformAgentMinecraftForge rejected container SecureJarResource(magneticraft2)
[09Jun2026 23:39:32.037] [main/DEBUG] [mixin/]: Instancing new MixinPlatformAgentDefault for SecureJarResource(magneticraft2)
[09Jun2026 23:39:32.037] [main/DEBUG] [mixin/]: MixinPlatformAgentDefault accepted container SecureJarResource(magneticraft2)
[09Jun2026 23:39:32.037] [main/DEBUG] [mixin/]: Processing prepare() for PlatformAgent[MixinPlatformAgentDefault:SecureJarResource(magneticraft2)]
[09Jun2026 23:39:32.037] [main/DEBUG] [mixin/]: Adding mixin platform agents for container SecureJarResource(patchouli)
[09Jun2026 23:39:32.038] [main/DEBUG] [mixin/]: Instancing new MixinPlatformAgentMinecraftForge for SecureJarResource(patchouli)
[09Jun2026 23:39:32.038] [main/DEBUG] [mixin/]: MixinPlatformAgentMinecraftForge rejected container SecureJarResource(patchouli)
[09Jun2026 23:39:32.038] [main/DEBUG] [mixin/]: Instancing new MixinPlatformAgentDefault for SecureJarResource(patchouli)
[09Jun2026 23:39:32.038] [main/DEBUG] [mixin/]: MixinPlatformAgentDefault accepted container SecureJarResource(patchouli)
[09Jun2026 23:39:32.038] [main/DEBUG] [mixin/]: Processing prepare() for PlatformAgent[MixinPlatformAgentDefault:SecureJarResource(patchouli)]
[09Jun2026 23:39:32.038] [main/DEBUG] [mixin/]: Registering mixin config: patchouli_xplat.mixins.json
[09Jun2026 23:39:32.044] [main/DEBUG] [mixin/]: Compatibility level JAVA_17 specified by patchouli_xplat.mixins.json is higher than the maximum level supported by this version of mixin (JAVA_13).
[09Jun2026 23:39:32.046] [main/INFO] [mixin/]: Compatibility level set to JAVA_17
[09Jun2026 23:39:32.047] [main/DEBUG] [mixin/]: Adding mixin platform agents for container SecureJarResource(geckolib)
[09Jun2026 23:39:32.047] [main/DEBUG] [mixin/]: Instancing new MixinPlatformAgentMinecraftForge for SecureJarResource(geckolib)
[09Jun2026 23:39:32.047] [main/DEBUG] [mixin/]: MixinPlatformAgentMinecraftForge rejected container SecureJarResource(geckolib)
[09Jun2026 23:39:32.047] [main/DEBUG] [mixin/]: Instancing new MixinPlatformAgentDefault for SecureJarResource(geckolib)
[09Jun2026 23:39:32.047] [main/DEBUG] [mixin/]: MixinPlatformAgentDefault accepted container SecureJarResource(geckolib)
[09Jun2026 23:39:32.047] [main/DEBUG] [mixin/]: Processing prepare() for PlatformAgent[MixinPlatformAgentDefault:SecureJarResource(geckolib)]
[09Jun2026 23:39:32.047] [main/DEBUG] [mixin/]: Registering mixin config: geckolib.mixins.json
[09Jun2026 23:39:32.048] [main/DEBUG] [mixin/]: Adding mixin platform agents for container SecureJarResource(jei)
[09Jun2026 23:39:32.048] [main/DEBUG] [mixin/]: Instancing new MixinPlatformAgentMinecraftForge for SecureJarResource(jei)
[09Jun2026 23:39:32.048] [main/DEBUG] [mixin/]: MixinPlatformAgentMinecraftForge rejected container SecureJarResource(jei)
[09Jun2026 23:39:32.048] [main/DEBUG] [mixin/]: Instancing new MixinPlatformAgentDefault for SecureJarResource(jei)
[09Jun2026 23:39:32.048] [main/DEBUG] [mixin/]: MixinPlatformAgentDefault accepted container SecureJarResource(jei)
[09Jun2026 23:39:32.048] [main/DEBUG] [mixin/]: Processing prepare() for PlatformAgent[MixinPlatformAgentDefault:SecureJarResource(jei)]
[09Jun2026 23:39:32.048] [main/DEBUG] [mixin/]: inject() running with 9 agents
[09Jun2026 23:39:32.048] [main/DEBUG] [mixin/]: Processing inject() for PlatformAgent[MixinPlatformAgentDefault:ModLauncher Root Container(ModLauncher:4f56a0a2)]
[09Jun2026 23:39:32.048] [main/DEBUG] [mixin/]: Processing inject() for PlatformAgent[MixinPlatformAgentDefault:SecureJarResource(minecraft)]
[09Jun2026 23:39:32.048] [main/DEBUG] [mixin/]: Processing inject() for PlatformAgent[MixinPlatformAgentDefault:SecureJarResource(theoneprobe)]
[09Jun2026 23:39:32.048] [main/DEBUG] [mixin/]: Processing inject() for PlatformAgent[MixinPlatformAgentDefault:SecureJarResource(mekanism)]
[09Jun2026 23:39:32.048] [main/DEBUG] [mixin/]: Processing inject() for PlatformAgent[MixinPlatformAgentDefault:SecureJarResource(forge)]
[09Jun2026 23:39:32.048] [main/DEBUG] [mixin/]: Processing inject() for PlatformAgent[MixinPlatformAgentDefault:SecureJarResource(magneticraft2)]
[09Jun2026 23:39:32.049] [main/DEBUG] [mixin/]: Processing inject() for PlatformAgent[MixinPlatformAgentDefault:SecureJarResource(patchouli)]
[09Jun2026 23:39:32.049] [main/DEBUG] [mixin/]: Processing inject() for PlatformAgent[MixinPlatformAgentDefault:SecureJarResource(geckolib)]
[09Jun2026 23:39:32.049] [main/DEBUG] [mixin/]: Processing inject() for PlatformAgent[MixinPlatformAgentDefault:SecureJarResource(jei)]
[09Jun2026 23:39:32.049] [main/INFO] [cpw.mods.modlauncher.LaunchServiceHandler/MODLAUNCHER]: Launching target 'forgedatauserdev' with arguments [--gameDir, ., --assetsDir, /home/jumpwatch/.gradle/caches/forge_gradle/assets, --assetIndex, 5, --mod, magneticraft2, --all, --output, /home/jumpwatch/IdeaProjects/magneticraft2/src/generated/resources, --existing, /home/jumpwatch/IdeaProjects/magneticraft2/src/main/resources]
[09Jun2026 23:39:32.061] [main/DEBUG] [mixin/]: Error cleaning class output directory: .mixin.out
[09Jun2026 23:39:32.062] [main/DEBUG] [mixin/]: Preparing mixins for MixinEnvironment[DEFAULT]
[09Jun2026 23:39:32.062] [main/DEBUG] [mixin/]: Selecting config patchouli_xplat.mixins.json
[09Jun2026 23:39:32.155] [main/INFO] [mixin/]: Remapping refMap patchouli.refmap.json using /home/jumpwatch/IdeaProjects/magneticraft2/build/createSrgToMcp/output.srg
[09Jun2026 23:39:32.155] [main/DEBUG] [mixin/]: Selecting config geckolib.mixins.json
[09Jun2026 23:39:32.156] [main/INFO] [mixin/]: Remapping refMap geckolib.refmap.json using /home/jumpwatch/IdeaProjects/magneticraft2/build/createSrgToMcp/output.srg
[09Jun2026 23:39:32.156] [main/DEBUG] [mixin/]: Preparing patchouli_xplat.mixins.json (10)
[09Jun2026 23:39:32.208] [main/DEBUG] [mixin/]: Preparing geckolib.mixins.json (1)
[09Jun2026 23:39:32.215] [main/DEBUG] [mixin/]: Registering new injector for @Inject with org.spongepowered.asm.mixin.injection.struct.CallbackInjectionInfo
[09Jun2026 23:39:32.216] [main/DEBUG] [mixin/]: Registering new injector for @ModifyArg with org.spongepowered.asm.mixin.injection.struct.ModifyArgInjectionInfo
[09Jun2026 23:39:32.216] [main/DEBUG] [mixin/]: Registering new injector for @ModifyArgs with org.spongepowered.asm.mixin.injection.struct.ModifyArgsInjectionInfo
[09Jun2026 23:39:32.217] [main/DEBUG] [mixin/]: Registering new injector for @Redirect with org.spongepowered.asm.mixin.injection.struct.RedirectInjectionInfo
[09Jun2026 23:39:32.217] [main/DEBUG] [mixin/]: Registering new injector for @ModifyVariable with org.spongepowered.asm.mixin.injection.struct.ModifyVariableInjectionInfo
[09Jun2026 23:39:32.218] [main/DEBUG] [mixin/]: Registering new injector for @ModifyConstant with org.spongepowered.asm.mixin.injection.struct.ModifyConstantInjectionInfo
[09Jun2026 23:39:32.292] [main/DEBUG] [io.netty.util.internal.logging.InternalLoggerFactory/]: Using SLF4J as the default logging framework
[09Jun2026 23:39:32.293] [main/DEBUG] [io.netty.util.ResourceLeakDetector/]: -Dio.netty.leakDetection.level: simple
[09Jun2026 23:39:32.293] [main/DEBUG] [io.netty.util.ResourceLeakDetector/]: -Dio.netty.leakDetection.targetRecords: 4
[09Jun2026 23:39:32.355] [main/INFO] [net.minecraftforge.data.loading.DatagenModLoader/]: Initializing Data Gatherer for mods [magneticraft2]
[09Jun2026 23:39:32.517] [main/DEBUG] [net.minecraftforge.coremod.transformer.CoreModBaseTransformer/COREMOD]: Transforming net/minecraft/world/entity/EntityType
[09Jun2026 23:39:32.792] [main/DEBUG] [net.minecraftforge.coremod.transformer.CoreModBaseTransformer/COREMOD]: Transforming net/minecraft/world/level/block/LiquidBlock
[09Jun2026 23:39:32.813] [main/DEBUG] [net.minecraftforge.coremod.transformer.CoreModBaseTransformer/COREMOD]: Transforming net/minecraft/world/level/block/StairBlock
[09Jun2026 23:39:32.849] [main/DEBUG] [net.minecraftforge.coremod.transformer.CoreModBaseTransformer/COREMOD]: Transforming net/minecraft/world/level/block/FlowerPotBlock
[09Jun2026 23:39:33.150] [main/DEBUG] [net.minecraftforge.coremod.transformer.CoreModBaseTransformer/COREMOD]: Transforming net/minecraft/world/item/ItemStack
[09Jun2026 23:39:33.380] [main/DEBUG] [net.minecraftforge.coremod.transformer.CoreModBaseTransformer/COREMOD]: Transforming net/minecraft/world/entity/animal/frog/Tadpole
[09Jun2026 23:39:33.405] [main/DEBUG] [net.minecraftforge.coremod.transformer.CoreModBaseTransformer/COREMOD]: Transforming net/minecraft/world/item/BucketItem
[09Jun2026 23:39:33.686] [main/DEBUG] [net.minecraftforge.coremod.transformer.CoreModBaseTransformer/COREMOD]: Transforming net/minecraft/world/entity/monster/Spider
[09Jun2026 23:39:33.709] [main/DEBUG] [net.minecraftforge.coremod.transformer.CoreModBaseTransformer/COREMOD]: Transforming net/minecraft/world/entity/monster/Zombie
[09Jun2026 23:39:33.726] [main/DEBUG] [net.minecraftforge.coremod.transformer.CoreModBaseTransformer/COREMOD]: Transforming net/minecraft/world/entity/monster/ZombieVillager
[09Jun2026 23:39:33.754] [main/DEBUG] [net.minecraftforge.coremod.transformer.CoreModBaseTransformer/COREMOD]: Transforming net/minecraft/world/entity/monster/Evoker$EvokerSummonSpellGoal
[09Jun2026 23:39:33.817] [main/DEBUG] [net.minecraftforge.coremod.transformer.CoreModBaseTransformer/COREMOD]: Transforming net/minecraft/world/entity/animal/horse/SkeletonTrapGoal
[09Jun2026 23:39:33.829] [main/DEBUG] [net.minecraftforge.coremod.transformer.CoreModBaseTransformer/COREMOD]: Transforming net/minecraft/world/entity/monster/Strider
[09Jun2026 23:39:33.881] [main/DEBUG] [net.minecraftforge.coremod.transformer.CoreModBaseTransformer/COREMOD]: Transforming net/minecraft/world/entity/npc/Villager
[09Jun2026 23:39:33.920] [main/DEBUG] [net.minecraftforge.coremod.transformer.CoreModBaseTransformer/COREMOD]: Transforming net/minecraft/world/effect/MobEffectInstance
[09Jun2026 23:39:34.162] [main/DEBUG] [net.minecraftforge.coremod.transformer.CoreModBaseTransformer/COREMOD]: Transforming net/minecraft/world/level/levelgen/structure/Structure
[09Jun2026 23:39:34.182] [main/DEBUG] [net.minecraftforge.coremod.transformer.CoreModBaseTransformer/COREMOD]: Transforming net/minecraft/world/level/levelgen/structure/structures/OceanRuinPieces$OceanRuinPiece
[09Jun2026 23:39:34.187] [main/DEBUG] [net.minecraftforge.coremod.transformer.CoreModBaseTransformer/COREMOD]: Transforming net/minecraft/world/level/levelgen/structure/structures/SwampHutPiece
[09Jun2026 23:39:34.192] [main/DEBUG] [net.minecraftforge.coremod.transformer.CoreModBaseTransformer/COREMOD]: Transforming net/minecraft/world/level/levelgen/structure/structures/OceanMonumentPieces$OceanMonumentPiece
[09Jun2026 23:39:34.199] [main/DEBUG] [net.minecraftforge.coremod.transformer.CoreModBaseTransformer/COREMOD]: Transforming net/minecraft/world/level/levelgen/structure/structures/WoodlandMansionPieces$WoodlandMansionPiece
[09Jun2026 23:39:34.239] [main/DEBUG] [net.minecraftforge.coremod.transformer.CoreModBaseTransformer/COREMOD]: Transforming net/minecraft/world/level/biome/Biome
[09Jun2026 23:39:34.329] [main/DEBUG] [net.minecraftforge.registries.GameData/REGISTRIES]: Creating vanilla freeze snapshot
[09Jun2026 23:39:34.330] [main/DEBUG] [net.minecraftforge.registries.ForgeRegistry/REGISTRIES]: Registry minecraft:block Sync: VANILLA -> ACTIVE
[09Jun2026 23:39:34.335] [main/DEBUG] [net.minecraftforge.registries.ForgeRegistry/REGISTRIES]: Registry minecraft:fluid Sync: VANILLA -> ACTIVE
[09Jun2026 23:39:34.336] [main/DEBUG] [net.minecraftforge.registries.ForgeRegistry/REGISTRIES]: Registry minecraft:item Sync: VANILLA -> ACTIVE
[09Jun2026 23:39:34.341] [main/DEBUG] [net.minecraftforge.registries.ForgeRegistry/REGISTRIES]: Registry minecraft:mob_effect Sync: VANILLA -> ACTIVE
[09Jun2026 23:39:34.341] [main/DEBUG] [net.minecraftforge.registries.ForgeRegistry/REGISTRIES]: Registry minecraft:sound_event Sync: VANILLA -> ACTIVE
[09Jun2026 23:39:34.345] [main/DEBUG] [net.minecraftforge.registries.ForgeRegistry/REGISTRIES]: Registry minecraft:potion Sync: VANILLA -> ACTIVE
[09Jun2026 23:39:34.346] [main/DEBUG] [net.minecraftforge.registries.ForgeRegistry/REGISTRIES]: Registry minecraft:enchantment Sync: VANILLA -> ACTIVE
[09Jun2026 23:39:34.346] [main/DEBUG] [net.minecraftforge.registries.ForgeRegistry/REGISTRIES]: Registry minecraft:entity_type Sync: VANILLA -> ACTIVE
[09Jun2026 23:39:34.346] [main/DEBUG] [net.minecraftforge.registries.ForgeRegistry/REGISTRIES]: Registry minecraft:block_entity_type Sync: VANILLA -> ACTIVE
[09Jun2026 23:39:34.346] [main/DEBUG] [net.minecraftforge.registries.ForgeRegistry/REGISTRIES]: Registry minecraft:particle_type Sync: VANILLA -> ACTIVE
[09Jun2026 23:39:34.346] [main/DEBUG] [net.minecraftforge.registries.ForgeRegistry/REGISTRIES]: Registry minecraft:menu Sync: VANILLA -> ACTIVE
[09Jun2026 23:39:34.346] [main/DEBUG] [net.minecraftforge.registries.ForgeRegistry/REGISTRIES]: Registry minecraft:painting_variant Sync: VANILLA -> ACTIVE
[09Jun2026 23:39:34.347] [main/DEBUG] [net.minecraftforge.registries.ForgeRegistry/REGISTRIES]: Registry minecraft:recipe_type Sync: VANILLA -> ACTIVE
[09Jun2026 23:39:34.347] [main/DEBUG] [net.minecraftforge.registries.ForgeRegistry/REGISTRIES]: Registry minecraft:recipe_serializer Sync: VANILLA -> ACTIVE
[09Jun2026 23:39:34.347] [main/DEBUG] [net.minecraftforge.registries.ForgeRegistry/REGISTRIES]: Registry minecraft:attribute Sync: VANILLA -> ACTIVE
[09Jun2026 23:39:34.347] [main/DEBUG] [net.minecraftforge.registries.ForgeRegistry/REGISTRIES]: Registry minecraft:stat_type Sync: VANILLA -> ACTIVE
[09Jun2026 23:39:34.347] [main/DEBUG] [net.minecraftforge.registries.ForgeRegistry/REGISTRIES]: Registry minecraft:command_argument_type Sync: VANILLA -> ACTIVE
[09Jun2026 23:39:34.347] [main/DEBUG] [net.minecraftforge.registries.ForgeRegistry/REGISTRIES]: Registry minecraft:villager_profession Sync: VANILLA -> ACTIVE
[09Jun2026 23:39:34.347] [main/DEBUG] [net.minecraftforge.registries.ForgeRegistry/REGISTRIES]: Registry minecraft:point_of_interest_type Sync: VANILLA -> ACTIVE
[09Jun2026 23:39:34.348] [main/DEBUG] [net.minecraftforge.registries.ForgeRegistry/REGISTRIES]: Registry minecraft:memory_module_type Sync: VANILLA -> ACTIVE
[09Jun2026 23:39:34.348] [main/DEBUG] [net.minecraftforge.registries.ForgeRegistry/REGISTRIES]: Registry minecraft:sensor_type Sync: VANILLA -> ACTIVE
[09Jun2026 23:39:34.348] [main/DEBUG] [net.minecraftforge.registries.ForgeRegistry/REGISTRIES]: Registry minecraft:schedule Sync: VANILLA -> ACTIVE
[09Jun2026 23:39:34.348] [main/DEBUG] [net.minecraftforge.registries.ForgeRegistry/REGISTRIES]: Registry minecraft:activity Sync: VANILLA -> ACTIVE
[09Jun2026 23:39:34.348] [main/DEBUG] [net.minecraftforge.registries.ForgeRegistry/REGISTRIES]: Registry minecraft:worldgen/carver Sync: VANILLA -> ACTIVE
[09Jun2026 23:39:34.348] [main/DEBUG] [net.minecraftforge.registries.ForgeRegistry/REGISTRIES]: Registry minecraft:worldgen/feature Sync: VANILLA -> ACTIVE
[09Jun2026 23:39:34.348] [main/DEBUG] [net.minecraftforge.registries.ForgeRegistry/REGISTRIES]: Registry minecraft:chunk_status Sync: VANILLA -> ACTIVE
[09Jun2026 23:39:34.348] [main/DEBUG] [net.minecraftforge.registries.ForgeRegistry/REGISTRIES]: Registry minecraft:worldgen/block_state_provider_type Sync: VANILLA -> ACTIVE
[09Jun2026 23:39:34.349] [main/DEBUG] [net.minecraftforge.registries.ForgeRegistry/REGISTRIES]: Registry minecraft:worldgen/foliage_placer_type Sync: VANILLA -> ACTIVE
[09Jun2026 23:39:34.349] [main/DEBUG] [net.minecraftforge.registries.ForgeRegistry/REGISTRIES]: Registry minecraft:worldgen/tree_decorator_type Sync: VANILLA -> ACTIVE
[09Jun2026 23:39:34.349] [main/DEBUG] [net.minecraftforge.registries.ForgeRegistry/REGISTRIES]: Registry minecraft:worldgen/biome Sync: VANILLA -> ACTIVE
[09Jun2026 23:39:34.353] [main/DEBUG] [net.minecraftforge.registries.GameData/REGISTRIES]: Vanilla freeze snapshot created
[09Jun2026 23:39:34.365] [main/DEBUG] [net.minecraftforge.fml.ModWorkManager/LOADING]: Using 24 threads for parallel mod-loading
[09Jun2026 23:39:34.368] [main/DEBUG] [net.minecraftforge.fml.javafmlmod.FMLJavaModLanguageProvider/LOADING]: Loading FMLModContainer from classloader cpw.mods.modlauncher.TransformingClassLoader@414f13fc - got cpw.mods.cl.ModuleClassLoader@53667cbe
[09Jun2026 23:39:34.368] [main/DEBUG] [net.minecraftforge.fml.javafmlmod.FMLModContainer/LOADING]: Creating FMLModContainer instance for mcjty.theoneprobe.TheOneProbe
[09Jun2026 23:39:34.371] [main/DEBUG] [net.minecraftforge.fml.javafmlmod.FMLJavaModLanguageProvider/LOADING]: Loading FMLModContainer from classloader cpw.mods.modlauncher.TransformingClassLoader@414f13fc - got cpw.mods.cl.ModuleClassLoader@53667cbe
[09Jun2026 23:39:34.371] [main/DEBUG] [net.minecraftforge.fml.javafmlmod.FMLModContainer/LOADING]: Creating FMLModContainer instance for net.minecraftforge.common.ForgeMod
[09Jun2026 23:39:34.373] [main/DEBUG] [net.minecraftforge.fml.javafmlmod.FMLJavaModLanguageProvider/LOADING]: Loading FMLModContainer from classloader cpw.mods.modlauncher.TransformingClassLoader@414f13fc - got cpw.mods.cl.ModuleClassLoader@53667cbe
[09Jun2026 23:39:34.373] [main/DEBUG] [net.minecraftforge.fml.javafmlmod.FMLModContainer/LOADING]: Creating FMLModContainer instance for com.magneticraft2.common.magneticraft2
[09Jun2026 23:39:34.373] [main/DEBUG] [net.minecraftforge.fml.javafmlmod.FMLJavaModLanguageProvider/LOADING]: Loading FMLModContainer from classloader cpw.mods.modlauncher.TransformingClassLoader@414f13fc - got cpw.mods.cl.ModuleClassLoader@53667cbe
[09Jun2026 23:39:34.373] [main/DEBUG] [net.minecraftforge.fml.javafmlmod.FMLModContainer/LOADING]: Creating FMLModContainer instance for vazkii.patchouli.forge.common.ForgeModInitializer
[09Jun2026 23:39:34.374] [main/DEBUG] [net.minecraftforge.fml.javafmlmod.FMLJavaModLanguageProvider/LOADING]: Loading FMLModContainer from classloader cpw.mods.modlauncher.TransformingClassLoader@414f13fc - got cpw.mods.cl.ModuleClassLoader@53667cbe
[09Jun2026 23:39:34.374] [main/DEBUG] [net.minecraftforge.fml.javafmlmod.FMLModContainer/LOADING]: Creating FMLModContainer instance for software.bernie.example.GeckoLibMod
[09Jun2026 23:39:34.374] [main/DEBUG] [net.minecraftforge.fml.javafmlmod.FMLJavaModLanguageProvider/LOADING]: Loading FMLModContainer from classloader cpw.mods.modlauncher.TransformingClassLoader@414f13fc - got cpw.mods.cl.ModuleClassLoader@53667cbe
[09Jun2026 23:39:34.374] [main/DEBUG] [net.minecraftforge.fml.javafmlmod.FMLModContainer/LOADING]: Creating FMLModContainer instance for mezz.jei.forge.JustEnoughItems
[09Jun2026 23:39:34.374] [main/DEBUG] [net.minecraftforge.fml.javafmlmod.FMLJavaModLanguageProvider/LOADING]: Loading FMLModContainer from classloader cpw.mods.modlauncher.TransformingClassLoader@414f13fc - got cpw.mods.cl.ModuleClassLoader@53667cbe
[09Jun2026 23:39:34.374] [main/DEBUG] [net.minecraftforge.fml.javafmlmod.FMLModContainer/LOADING]: Creating FMLModContainer instance for mekanism.common.Mekanism
[09Jun2026 23:39:34.382] [modloading-worker-0/INFO] [Magneticraft2/]: Do we have any core mod?
[09Jun2026 23:39:34.382] [modloading-worker-0/ERROR] [UnknownEntity/]: Ȗᾗᾄвłἔ ҭὄ ἷḋἔᾗҭἷғẏ ṩἔłғ
[09Jun2026 23:39:34.382] [modloading-worker-0/INFO] [Magneticraft2/]: Who is UnknownEntity?
[09Jun2026 23:39:34.382] [modloading-worker-0/ERROR] [UnknownEntity/]: ἝȒȒȒȒἝȒὋȒ
[09Jun2026 23:39:34.383] [modloading-worker-0/INFO] [Magneticraft2/]: UnknownEntity Please do self check
[09Jun2026 23:39:34.383] [modloading-worker-0/ERROR] [UnknownEntity/]: ἝȒȒȒȒἝȒὋȒ ἝȒȒȒȒἝȒὋȒ ἝȒȒȒȒἝȒὋȒ ṩἔłғ ƈђἔƈќ ғᾄἷłἔḋ
[09Jun2026 23:39:34.383] [modloading-worker-0/WARN] [Magneticraft2/]: Scanning UnknownEntity for name.
[09Jun2026 23:39:34.383] [modloading-worker-0/INFO] [Magneticraft2/]: Name found! UnknownEntity is now named: MagnetiCore
[09Jun2026 23:39:34.384] [modloading-worker-0/ERROR] [MagnetiCore/]: Ȗᾗќᾗὄᾧᾗ ṩƈᾄᾗ ὄᾗ ṩἔłғ. Ἷᾗἷҭἷᾄҭἷᾗʛ ṩђὗҭḋὄᾧᾗ ṩἔqὗἔᾗƈἔ
[09Jun2026 23:39:34.384] [modloading-worker-0/ERROR] [Magneticraft2/]: No core yet.
[09Jun2026 23:39:34.391] [modloading-worker-0/DEBUG] [net.minecraftforge.versions.forge.ForgeVersion/CORE]: Forge Version package package net.minecraftforge.versions.forge, Forge, version 47.1 from cpw.mods.modlauncher.TransformingClassLoader@414f13fc
[09Jun2026 23:39:34.391] [modloading-worker-0/DEBUG] [net.minecraftforge.fml.config.ConfigTracker/CONFIG]: Config file patchouli-client.toml for patchouli tracking
[09Jun2026 23:39:34.392] [modloading-worker-0/DEBUG] [net.minecraftforge.versions.forge.ForgeVersion/CORE]: Found Forge version 47.1.16
[09Jun2026 23:39:34.392] [modloading-worker-0/DEBUG] [net.minecraftforge.versions.forge.ForgeVersion/CORE]: Found Forge spec 47.1
[09Jun2026 23:39:34.392] [modloading-worker-0/DEBUG] [net.minecraftforge.versions.forge.ForgeVersion/CORE]: Found Forge group net.minecraftforge
[09Jun2026 23:39:34.391] [modloading-worker-0/DEBUG] [net.minecraftforge.fml.config.ConfigTracker/CONFIG]: Config file jei-server.toml for jei tracking
[09Jun2026 23:39:34.392] [modloading-worker-0/DEBUG] [net.minecraftforge.versions.mcp.MCPVersion/CORE]: MCP Version package package net.minecraftforge.versions.mcp, Minecraft, version 1.20.1 from cpw.mods.modlauncher.TransformingClassLoader@414f13fc
[09Jun2026 23:39:34.393] [modloading-worker-0/DEBUG] [net.minecraftforge.versions.mcp.MCPVersion/CORE]: Found MC version information 1.20.1
[09Jun2026 23:39:34.393] [modloading-worker-0/DEBUG] [net.minecraftforge.versions.mcp.MCPVersion/CORE]: Found MCP version information 20230612.114412
[09Jun2026 23:39:34.393] [modloading-worker-0/INFO] [net.minecraftforge.common.ForgeMod/FORGEMOD]: Forge mod loading, version 47.1.16, for MC 1.20.1 with MCP 20230612.114412
[09Jun2026 23:39:34.393] [modloading-worker-0/INFO] [net.minecraftforge.common.MinecraftForge/FORGE]: MinecraftForge v47.1.16 Initialized
[09Jun2026 23:39:34.393] [modloading-worker-0/DEBUG] [net.minecraftforge.fml.javafmlmod.AutomaticEventSubscriber/LOADING]: Attempting to inject @EventBusSubscriber classes into the eventbus for patchouli
[09Jun2026 23:39:34.396] [modloading-worker-0/DEBUG] [net.minecraftforge.fml.javafmlmod.AutomaticEventSubscriber/LOADING]: Auto-subscribing vazkii.patchouli.forge.common.ForgeModInitializer to MOD
[09Jun2026 23:39:34.397] [modloading-worker-0/DEBUG] [net.minecraftforge.fml.config.ConfigTracker/CONFIG]: Config file theoneprobe-client.toml for theoneprobe tracking
[09Jun2026 23:39:34.397] [modloading-worker-0/DEBUG] [net.minecraftforge.fml.config.ConfigTracker/CONFIG]: Config file theoneprobe-common.toml for theoneprobe tracking
[09Jun2026 23:39:34.399] [modloading-worker-0/DEBUG] [mixin/]: Mixing client.AccessorScreen from patchouli_xplat.mixins.json into net.minecraft.client.gui.screens.Screen
[09Jun2026 23:39:34.426] [modloading-worker-0/DEBUG] [net.minecraftforge.fml.javafmlmod.AutomaticEventSubscriber/LOADING]: Auto-subscribing vazkii.patchouli.forge.client.ForgeClientInitializer to MOD
[09Jun2026 23:39:34.433] [modloading-worker-0/DEBUG] [net.minecraftforge.fml.javafmlmod.AutomaticEventSubscriber/LOADING]: Attempting to inject @EventBusSubscriber classes into the eventbus for theoneprobe
[09Jun2026 23:39:34.433] [modloading-worker-0/DEBUG] [net.minecraftforge.fml.javafmlmod.AutomaticEventSubscriber/LOADING]: Auto-subscribing mcjty.theoneprobe.config.ConfigReload to MOD
[09Jun2026 23:39:34.434] [modloading-worker-0/DEBUG] [net.minecraftforge.fml.javafmlmod.AutomaticEventSubscriber/LOADING]: Auto-subscribing mcjty.theoneprobe.TheOneProbe to MOD
[09Jun2026 23:39:34.437] [modloading-worker-0/DEBUG] [mixin/]: Mixing client.AccessorKeyMapping from patchouli_xplat.mixins.json into net.minecraft.client.KeyMapping
[09Jun2026 23:39:34.437] [modloading-worker-0/DEBUG] [mixin/]: Renaming @Accessor method getAllKeyMappings()Ljava/util/Map; to getAllKeyMappings_$md$5865ae$0 in patchouli_xplat.mixins.json:client.AccessorKeyMapping
[09Jun2026 23:39:34.449] [modloading-worker-0/DEBUG] [mixin/]: Mixing client.MixinInventoryScreen from patchouli_xplat.mixins.json into net.minecraft.client.gui.screens.inventory.InventoryScreen
[09Jun2026 23:39:34.495] [modloading-worker-0/DEBUG] [mezz.jei.common.platform.Services/]: Loaded mezz.jei.forge.platform.PlatformHelper@6b838ab3 for service interface mezz.jei.common.platform.IPlatformHelper
[09Jun2026 23:39:34.503] [modloading-worker-0/DEBUG] [io.netty.util.internal.PlatformDependent0/]: -Dio.netty.noUnsafe: false
[09Jun2026 23:39:34.503] [modloading-worker-0/DEBUG] [io.netty.util.internal.PlatformDependent0/]: Java version: 17
[09Jun2026 23:39:34.504] [modloading-worker-0/DEBUG] [io.netty.util.internal.PlatformDependent0/]: sun.misc.Unsafe.theUnsafe: available
[09Jun2026 23:39:34.504] [modloading-worker-0/DEBUG] [io.netty.util.internal.PlatformDependent0/]: sun.misc.Unsafe.copyMemory: available
[09Jun2026 23:39:34.504] [modloading-worker-0/DEBUG] [io.netty.util.internal.PlatformDependent0/]: sun.misc.Unsafe.storeFence: available
[09Jun2026 23:39:34.504] [modloading-worker-0/DEBUG] [io.netty.util.internal.PlatformDependent0/]: java.nio.Buffer.address: available
[09Jun2026 23:39:34.504] [modloading-worker-0/DEBUG] [io.netty.util.internal.PlatformDependent0/]: direct buffer constructor: unavailable
java.lang.UnsupportedOperationException: Reflective setAccessible(true) disabled
	at io.netty.util.internal.ReflectionUtil.trySetAccessible(ReflectionUtil.java:31) ~[netty-common-4.1.82.Final.jar%23141!/:4.1.82.Final]
	at io.netty.util.internal.PlatformDependent0$5.run(PlatformDependent0.java:288) ~[netty-common-4.1.82.Final.jar%23141!/:4.1.82.Final]
	at java.security.AccessController.doPrivileged(AccessController.java:318) ~[?:?]
	at io.netty.util.internal.PlatformDependent0.<clinit>(PlatformDependent0.java:282) ~[netty-common-4.1.82.Final.jar%23141!/:4.1.82.Final]
	at io.netty.util.internal.PlatformDependent.isAndroid(PlatformDependent.java:333) ~[netty-common-4.1.82.Final.jar%23141!/:4.1.82.Final]
	at io.netty.util.internal.PlatformDependent.<clinit>(PlatformDependent.java:88) ~[netty-common-4.1.82.Final.jar%23141!/:4.1.82.Final]
	at io.netty.util.ConstantPool.<init>(ConstantPool.java:34) ~[netty-common-4.1.82.Final.jar%23141!/:4.1.82.Final]
	at io.netty.util.AttributeKey$1.<init>(AttributeKey.java:27) ~[netty-common-4.1.82.Final.jar%23141!/:4.1.82.Final]
	at io.netty.util.AttributeKey.<clinit>(AttributeKey.java:27) ~[netty-common-4.1.82.Final.jar%23141!/:4.1.82.Final]
	at net.minecraftforge.network.NetworkConstants.<clinit>(NetworkConstants.java:34) ~[forge-1.20.1-47.1.16_mapped_parchment_2023.07.16-1.20.1-recomp.jar%23180%23187!/:?]
	at net.minecraftforge.common.ForgeMod.<init>(ForgeMod.java:429) ~[forge-1.20.1-47.1.16_mapped_parchment_2023.07.16-1.20.1-recomp.jar%23180%23187!/:?]
	at jdk.internal.reflect.NativeConstructorAccessorImpl.newInstance0(Native Method) ~[?:?]
	at jdk.internal.reflect.NativeConstructorAccessorImpl.newInstance(NativeConstructorAccessorImpl.java:77) ~[?:?]
	at jdk.internal.reflect.DelegatingConstructorAccessorImpl.newInstance(DelegatingConstructorAccessorImpl.java:45) ~[?:?]
	at java.lang.reflect.Constructor.newInstanceWithCaller(Constructor.java:500) ~[?:?]
	at java.lang.reflect.Constructor.newInstance(Constructor.java:481) ~[?:?]
	at net.minecraftforge.fml.javafmlmod.FMLModContainer.constructMod(FMLModContainer.java:68) ~[javafmllanguage-1.20.1-47.1.16.jar%23182!/:?]
	at net.minecraftforge.fml.ModContainer.lambda$buildTransitionHandler$10(ModContainer.java:123) ~[fmlcore-1.20.1-47.1.16.jar%23185!/:?]
	at java.util.concurrent.CompletableFuture$AsyncRun.run(CompletableFuture.java:1804) ~[?:?]
	at java.util.concurrent.CompletableFuture$AsyncRun.exec(CompletableFuture.java:1796) ~[?:?]
	at java.util.concurrent.ForkJoinTask.doExec(ForkJoinTask.java:373) ~[?:?]
	at java.util.concurrent.ForkJoinPool$WorkQueue.topLevelExec(ForkJoinPool.java:1182) ~[?:?]
	at java.util.concurrent.ForkJoinPool.scan(ForkJoinPool.java:1655) ~[?:?]
	at java.util.concurrent.ForkJoinPool.runWorker(ForkJoinPool.java:1622) ~[?:?]
	at java.util.concurrent.ForkJoinWorkerThread.run(ForkJoinWorkerThread.java:165) ~[?:?]
[09Jun2026 23:39:34.510] [modloading-worker-0/DEBUG] [io.netty.util.internal.PlatformDependent0/]: java.nio.Bits.unaligned: available, true
[09Jun2026 23:39:34.510] [modloading-worker-0/DEBUG] [io.netty.util.internal.PlatformDependent0/]: jdk.internal.misc.Unsafe.allocateUninitializedArray(int): unavailable
java.lang.IllegalAccessException: class io.netty.util.internal.PlatformDependent0$7 (in module io.netty.common) cannot access class jdk.internal.misc.Unsafe (in module java.base) because module java.base does not export jdk.internal.misc to module io.netty.common
	at jdk.internal.reflect.Reflection.newIllegalAccessException(Reflection.java:392) ~[?:?]
	at java.lang.reflect.AccessibleObject.checkAccess(AccessibleObject.java:674) ~[?:?]
	at java.lang.reflect.Method.invoke(Method.java:561) ~[?:?]
	at io.netty.util.internal.PlatformDependent0$7.run(PlatformDependent0.java:410) ~[netty-common-4.1.82.Final.jar%23141!/:4.1.82.Final]
	at java.security.AccessController.doPrivileged(AccessController.java:318) ~[?:?]
	at io.netty.util.internal.PlatformDependent0.<clinit>(PlatformDependent0.java:401) ~[netty-common-4.1.82.Final.jar%23141!/:4.1.82.Final]
	at io.netty.util.internal.PlatformDependent.isAndroid(PlatformDependent.java:333) ~[netty-common-4.1.82.Final.jar%23141!/:4.1.82.Final]
	at io.netty.util.internal.PlatformDependent.<clinit>(PlatformDependent.java:88) ~[netty-common-4.1.82.Final.jar%23141!/:4.1.82.Final]
	at io.netty.util.ConstantPool.<init>(ConstantPool.java:34) ~[netty-common-4.1.82.Final.jar%23141!/:4.1.82.Final]
	at io.netty.util.AttributeKey$1.<init>(AttributeKey.java:27) ~[netty-common-4.1.82.Final.jar%23141!/:4.1.82.Final]
	at io.netty.util.AttributeKey.<clinit>(AttributeKey.java:27) ~[netty-common-4.1.82.Final.jar%23141!/:4.1.82.Final]
	at net.minecraftforge.network.NetworkConstants.<clinit>(NetworkConstants.java:34) ~[forge-1.20.1-47.1.16_mapped_parchment_2023.07.16-1.20.1-recomp.jar%23180%23187!/:?]
	at net.minecraftforge.common.ForgeMod.<init>(ForgeMod.java:429) ~[forge-1.20.1-47.1.16_mapped_parchment_2023.07.16-1.20.1-recomp.jar%23180%23187!/:?]
	at jdk.internal.reflect.NativeConstructorAccessorImpl.newInstance0(Native Method) ~[?:?]
	at jdk.internal.reflect.NativeConstructorAccessorImpl.newInstance(NativeConstructorAccessorImpl.java:77) ~[?:?]
	at jdk.internal.reflect.DelegatingConstructorAccessorImpl.newInstance(DelegatingConstructorAccessorImpl.java:45) ~[?:?]
	at java.lang.reflect.Constructor.newInstanceWithCaller(Constructor.java:500) ~[?:?]
	at java.lang.reflect.Constructor.newInstance(Constructor.java:481) ~[?:?]
	at net.minecraftforge.fml.javafmlmod.FMLModContainer.constructMod(FMLModContainer.java:68) ~[javafmllanguage-1.20.1-47.1.16.jar%23182!/:?]
	at net.minecraftforge.fml.ModContainer.lambda$buildTransitionHandler$10(ModContainer.java:123) ~[fmlcore-1.20.1-47.1.16.jar%23185!/:?]
	at java.util.concurrent.CompletableFuture$AsyncRun.run(CompletableFuture.java:1804) ~[?:?]
	at java.util.concurrent.CompletableFuture$AsyncRun.exec(CompletableFuture.java:1796) ~[?:?]
	at java.util.concurrent.ForkJoinTask.doExec(ForkJoinTask.java:373) ~[?:?]
	at java.util.concurrent.ForkJoinPool$WorkQueue.topLevelExec(ForkJoinPool.java:1182) ~[?:?]
	at java.util.concurrent.ForkJoinPool.scan(ForkJoinPool.java:1655) ~[?:?]
	at java.util.concurrent.ForkJoinPool.runWorker(ForkJoinPool.java:1622) ~[?:?]
	at java.util.concurrent.ForkJoinWorkerThread.run(ForkJoinWorkerThread.java:165) ~[?:?]
[09Jun2026 23:39:34.511] [modloading-worker-0/DEBUG] [io.netty.util.internal.PlatformDependent0/]: java.nio.DirectByteBuffer.<init>(long, int): unavailable
[09Jun2026 23:39:34.511] [modloading-worker-0/DEBUG] [io.netty.util.internal.PlatformDependent/]: sun.misc.Unsafe: available
[09Jun2026 23:39:34.512] [modloading-worker-0/DEBUG] [io.netty.util.internal.PlatformDependent/]: maxDirectMemory: 16634609664 bytes (maybe)
[09Jun2026 23:39:34.512] [modloading-worker-0/DEBUG] [io.netty.util.internal.PlatformDependent/]: -Dio.netty.tmpdir: /tmp (java.io.tmpdir)
[09Jun2026 23:39:34.512] [modloading-worker-0/DEBUG] [io.netty.util.internal.PlatformDependent/]: -Dio.netty.bitMode: 64 (sun.arch.data.model)
[09Jun2026 23:39:34.512] [modloading-worker-0/DEBUG] [io.netty.util.internal.PlatformDependent/]: -Dio.netty.maxDirectMemory: -1 bytes
[09Jun2026 23:39:34.512] [modloading-worker-0/DEBUG] [io.netty.util.internal.PlatformDependent/]: -Dio.netty.uninitializedArrayAllocationThreshold: -1
[09Jun2026 23:39:34.513] [modloading-worker-0/DEBUG] [io.netty.util.internal.CleanerJava9/]: java.nio.ByteBuffer.cleaner(): available
[09Jun2026 23:39:34.513] [modloading-worker-0/DEBUG] [io.netty.util.internal.PlatformDependent/]: -Dio.netty.noPreferDirect: false
[09Jun2026 23:39:34.514] [modloading-worker-0/WARN] [software.bernie.geckolib.GeckoLib/]: Minecraft.getInstance() was null, could not register reload listeners
[09Jun2026 23:39:34.518] [modloading-worker-0/INFO] [MGC2Registry/]: Started to register Blocks, items etc.
[09Jun2026 23:39:34.526] [modloading-worker-0/DEBUG] [net.minecraftforge.common.ForgeMod/FORGEMOD]: Loading Network data for FML net version: FML3
[09Jun2026 23:39:34.531] [modloading-worker-0/DEBUG] [net.minecraftforge.fml.javafmlmod.AutomaticEventSubscriber/LOADING]: Attempting to inject @EventBusSubscriber classes into the eventbus for geckolib
[09Jun2026 23:39:34.531] [modloading-worker-0/DEBUG] [net.minecraftforge.fml.javafmlmod.AutomaticEventSubscriber/LOADING]: Auto-subscribing software.bernie.example.GeckoLibMod to FORGE
[09Jun2026 23:39:34.531] [modloading-worker-0/DEBUG] [net.minecraftforge.fml.javafmlmod.AutomaticEventSubscriber/LOADING]: Auto-subscribing software.bernie.example.CommonListener to MOD
[09Jun2026 23:39:34.532] [modloading-worker-0/DEBUG] [net.minecraftforge.fml.javafmlmod.AutomaticEventSubscriber/LOADING]: Auto-subscribing software.bernie.example.ClientListener to MOD
[09Jun2026 23:39:34.544] [modloading-worker-0/DEBUG] [net.minecraftforge.fml.config.ConfigTracker/CONFIG]: Config file forge-client.toml for forge tracking
[09Jun2026 23:39:34.544] [modloading-worker-0/DEBUG] [net.minecraftforge.fml.config.ConfigTracker/CONFIG]: Config file forge-server.toml for forge tracking
[09Jun2026 23:39:34.544] [modloading-worker-0/DEBUG] [net.minecraftforge.fml.ModLoadingContext/]: Attempted to register an empty config for type COMMON on mod forge
[09Jun2026 23:39:34.551] [modloading-worker-0/DEBUG] [mezz.jei.common.config.file.ConfigSerializer/]: Loading config file: /home/jumpwatch/IdeaProjects/magneticraft2/run-data/config/jei/jei-debug.ini
[09Jun2026 23:39:34.552] [modloading-worker-0/DEBUG] [mezz.jei.common.config.file.ConfigSerializer/]: Saving config file: /home/jumpwatch/IdeaProjects/magneticraft2/run-data/config/jei/jei-debug.ini
[09Jun2026 23:39:34.556] [modloading-worker-0/DEBUG] [mezz.jei.common.config.file.ConfigSerializer/]: Loading config file: /home/jumpwatch/IdeaProjects/magneticraft2/run-data/config/jei/jei-mod-id-format.ini
[09Jun2026 23:39:34.557] [modloading-worker-0/DEBUG] [mezz.jei.common.config.file.ConfigSerializer/]: Saving config file: /home/jumpwatch/IdeaProjects/magneticraft2/run-data/config/jei/jei-mod-id-format.ini
[09Jun2026 23:39:34.557] [modloading-worker-0/DEBUG] [net.minecraftforge.fml.javafmlmod.AutomaticEventSubscriber/LOADING]: Attempting to inject @EventBusSubscriber classes into the eventbus for forge
[09Jun2026 23:39:34.557] [modloading-worker-0/DEBUG] [net.minecraftforge.fml.javafmlmod.AutomaticEventSubscriber/LOADING]: Auto-subscribing net.minecraftforge.common.ForgeSpawnEggItem$CommonHandler to MOD
[09Jun2026 23:39:34.558] [modloading-worker-0/DEBUG] [net.minecraftforge.fml.javafmlmod.AutomaticEventSubscriber/LOADING]: Auto-subscribing net.minecraftforge.common.ForgeSpawnEggItem$ColorRegisterHandler to MOD
[09Jun2026 23:39:34.559] [modloading-worker-0/DEBUG] [mezz.jei.common.config.file.ConfigSerializer/]: Loading config file: /home/jumpwatch/IdeaProjects/magneticraft2/run-data/config/jei/jei-colors.ini
[09Jun2026 23:39:34.559] [modloading-worker-0/DEBUG] [net.minecraftforge.fml.config.ConfigTracker/CONFIG]: Config file Mekanism/client.toml for mekanism tracking
[09Jun2026 23:39:34.559] [modloading-worker-0/DEBUG] [net.minecraftforge.fml.config.ConfigTracker/CONFIG]: Config file Mekanism/common.toml for mekanism tracking
[09Jun2026 23:39:34.559] [modloading-worker-0/DEBUG] [net.minecraftforge.fml.config.ConfigTracker/CONFIG]: Config file Mekanism/general.toml for mekanism tracking
[09Jun2026 23:39:34.559] [modloading-worker-0/DEBUG] [net.minecraftforge.fml.config.ConfigTracker/CONFIG]: Config file Mekanism/gear.toml for mekanism tracking
[09Jun2026 23:39:34.559] [modloading-worker-0/DEBUG] [net.minecraftforge.fml.config.ConfigTracker/CONFIG]: Config file Mekanism/machine-storage.toml for mekanism tracking
[09Jun2026 23:39:34.559] [modloading-worker-0/DEBUG] [net.minecraftforge.fml.config.ConfigTracker/CONFIG]: Config file Mekanism/tiers.toml for mekanism tracking
[09Jun2026 23:39:34.559] [modloading-worker-0/DEBUG] [net.minecraftforge.fml.config.ConfigTracker/CONFIG]: Config file Mekanism/machine-usage.toml for mekanism tracking
[09Jun2026 23:39:34.559] [modloading-worker-0/DEBUG] [net.minecraftforge.fml.config.ConfigTracker/CONFIG]: Config file Mekanism/world.toml for mekanism tracking
[09Jun2026 23:39:34.560] [modloading-worker-0/DEBUG] [mezz.jei.common.config.file.ConfigSerializer/]: Saving config file: /home/jumpwatch/IdeaProjects/magneticraft2/run-data/config/jei/jei-colors.ini
[09Jun2026 23:39:34.561] [modloading-worker-0/DEBUG] [net.minecraftforge.fml.javafmlmod.AutomaticEventSubscriber/LOADING]: Auto-subscribing net.minecraftforge.client.model.data.ModelDataManager to FORGE
[09Jun2026 23:39:34.561] [modloading-worker-0/DEBUG] [net.minecraftforge.fml.javafmlmod.AutomaticEventSubscriber/LOADING]: Auto-subscribing net.minecraftforge.client.ForgeHooksClient$ClientEvents to MOD
[09Jun2026 23:39:34.564] [modloading-worker-0/DEBUG] [mezz.jei.common.config.file.ConfigSerializer/]: Loading config file: /home/jumpwatch/IdeaProjects/magneticraft2/run-data/config/jei/jei-client.ini
[09Jun2026 23:39:34.564] [modloading-worker-0/DEBUG] [mezz.jei.common.config.file.ConfigSerializer/]: Saving config file: /home/jumpwatch/IdeaProjects/magneticraft2/run-data/config/jei/jei-client.ini
[09Jun2026 23:39:34.566] [modloading-worker-0/DEBUG] [net.minecraftforge.fml.javafmlmod.AutomaticEventSubscriber/LOADING]: Auto-subscribing net.minecraftforge.client.ClientForgeMod to MOD
[09Jun2026 23:39:34.567] [modloading-worker-0/INFO] [mezz.jei.library.load.PluginCaller/]: Sending ConfigManager...
[09Jun2026 23:39:34.571] [modloading-worker-0/DEBUG] [mezz.jei.library.load.PluginCallerTimerRunnable/]: Sending ConfigManager: jei:minecraft...
[09Jun2026 23:39:34.571] [modloading-worker-0/DEBUG] [mezz.jei.library.load.PluginCallerTimerRunnable/]: Sending ConfigManager: patchouli:patchouli...
[09Jun2026 23:39:34.571] [modloading-worker-0/DEBUG] [mezz.jei.library.load.PluginCallerTimerRunnable/]: Sending ConfigManager: jei:debug...
[09Jun2026 23:39:34.571] [modloading-worker-0/DEBUG] [mezz.jei.library.load.PluginCallerTimerRunnable/]: Sending ConfigManager: jei:gui...
[09Jun2026 23:39:34.571] [modloading-worker-0/DEBUG] [mezz.jei.library.load.PluginCallerTimerRunnable/]: Sending ConfigManager: jei:forge_gui...
[09Jun2026 23:39:34.571] [modloading-worker-0/DEBUG] [mezz.jei.library.load.PluginCallerTimerRunnable/]: Sending ConfigManager: mekanism:jei_plugin...
[09Jun2026 23:39:34.571] [modloading-worker-0/DEBUG] [mezz.jei.library.load.PluginCallerTimerRunnable/]: Sending ConfigManager: jei:internal...
[09Jun2026 23:39:34.572] [modloading-worker-0/INFO] [mezz.jei.library.load.PluginCaller/]: Sending ConfigManager took 2.322 ms
[09Jun2026 23:39:34.575] [modloading-worker-0/DEBUG] [net.minecraftforge.fml.javafmlmod.AutomaticEventSubscriber/LOADING]: Attempting to inject @EventBusSubscriber classes into the eventbus for jei
[09Jun2026 23:39:34.581] [modloading-worker-0/DEBUG] [net.minecraftforge.fml.config.ConfigTracker/CONFIG]: Config file magneticraft2-common.toml for magneticraft2 tracking
[09Jun2026 23:39:34.582] [modloading-worker-0/DEBUG] [net.minecraftforge.fml.config.ConfigTracker/CONFIG]: Config file magneticraft2-client.toml for magneticraft2 tracking
[09Jun2026 23:39:34.582] [modloading-worker-0/DEBUG] [net.minecraftforge.fml.config.ConfigTracker/CONFIG]: Config file magneticraft2-server.toml for magneticraft2 tracking
[09Jun2026 23:39:34.582] [modloading-worker-0/DEBUG] [net.minecraftforge.fml.javafmlmod.AutomaticEventSubscriber/LOADING]: Attempting to inject @EventBusSubscriber classes into the eventbus for magneticraft2
[09Jun2026 23:39:34.582] [modloading-worker-0/DEBUG] [net.minecraftforge.fml.javafmlmod.AutomaticEventSubscriber/LOADING]: Auto-subscribing com.magneticraft2.common.registry.events to FORGE
[09Jun2026 23:39:34.584] [modloading-worker-0/DEBUG] [net.minecraftforge.fml.javafmlmod.AutomaticEventSubscriber/LOADING]: Auto-subscribing com.magneticraft2.common.registry.FinalRegistry to MOD
[09Jun2026 23:39:34.584] [modloading-worker-0/DEBUG] [net.minecraftforge.fml.javafmlmod.AutomaticEventSubscriber/LOADING]: Auto-subscribing com.magneticraft2.common.registry.registers.EntitiesRegistry to MOD
[09Jun2026 23:39:34.584] [modloading-worker-0/DEBUG] [net.minecraftforge.fml.javafmlmod.AutomaticEventSubscriber/LOADING]: Auto-subscribing com.magneticraft2.common.registry.registers.ContainerAndScreenRegistry to MOD
[09Jun2026 23:39:34.584] [modloading-worker-0/DEBUG] [net.minecraftforge.fml.javafmlmod.AutomaticEventSubscriber/LOADING]: Auto-subscribing com.magneticraft2.common.registry.registers.ItemRegistry to MOD
[09Jun2026 23:39:34.584] [modloading-worker-0/DEBUG] [net.minecraftforge.fml.javafmlmod.AutomaticEventSubscriber/LOADING]: Auto-subscribing com.magneticraft2.common.registry.registers.BlockRegistry to MOD
[09Jun2026 23:39:34.584] [modloading-worker-0/DEBUG] [net.minecraftforge.fml.javafmlmod.AutomaticEventSubscriber/LOADING]: Auto-subscribing com.magneticraft2.common.registry.registers.CreativeTabRegistry to MOD
[09Jun2026 23:39:34.584] [modloading-worker-0/DEBUG] [net.minecraftforge.fml.javafmlmod.AutomaticEventSubscriber/LOADING]: Auto-subscribing com.magneticraft2.common.registry.registers.BlockEntityRegistry to MOD
[09Jun2026 23:39:34.584] [modloading-worker-0/DEBUG] [net.minecraftforge.fml.javafmlmod.AutomaticEventSubscriber/LOADING]: Auto-subscribing com.magneticraft2.common.datagen.datagenerator to MOD
[09Jun2026 23:39:34.584] [modloading-worker-0/DEBUG] [net.minecraftforge.fml.javafmlmod.AutomaticEventSubscriber/LOADING]: Auto-subscribing com.magneticraft2.common.world.beltLineRenderer to FORGE
[09Jun2026 23:39:34.595] [modloading-worker-0/DEBUG] [mixin/]: Mixing client.MixinLevelRenderer from patchouli_xplat.mixins.json into net.minecraft.client.renderer.LevelRenderer
[09Jun2026 23:39:34.638] [modloading-worker-0/DEBUG] [net.minecraftforge.fml.javafmlmod.AutomaticEventSubscriber/LOADING]: Auto-subscribing com.magneticraft2.common.world.pollution.PollutionHandler to FORGE
[09Jun2026 23:39:34.639] [modloading-worker-0/DEBUG] [net.minecraftforge.fml.javafmlmod.AutomaticEventSubscriber/LOADING]: Auto-subscribing com.magneticraft2.client.Clientsetup to MOD
[09Jun2026 23:39:34.641] [modloading-worker-0/DEBUG] [net.minecraftforge.fml.javafmlmod.AutomaticEventSubscriber/LOADING]: Auto-subscribing com.magneticraft2.client.world.PollutionRenderer to FORGE
[09Jun2026 23:39:35.049] [modloading-worker-0/DEBUG] [net.minecraftforge.fml.javafmlmod.AutomaticEventSubscriber/LOADING]: Attempting to inject @EventBusSubscriber classes into the eventbus for mekanism
[09Jun2026 23:39:35.049] [modloading-worker-0/DEBUG] [net.minecraftforge.fml.javafmlmod.AutomaticEventSubscriber/LOADING]: Auto-subscribing mekanism.client.sound.SoundHandler to MOD
[09Jun2026 23:39:35.053] [modloading-worker-0/DEBUG] [net.minecraftforge.fml.javafmlmod.AutomaticEventSubscriber/LOADING]: Auto-subscribing mekanism.client.render.MekanismShaders to MOD
[09Jun2026 23:39:35.064] [modloading-worker-0/DEBUG] [net.minecraftforge.fml.javafmlmod.AutomaticEventSubscriber/LOADING]: Auto-subscribing mekanism.client.render.MekanismRenderer to MOD
[09Jun2026 23:39:35.070] [modloading-worker-0/DEBUG] [net.minecraftforge.fml.javafmlmod.AutomaticEventSubscriber/LOADING]: Auto-subscribing mekanism.client.ClientRegistration to MOD
[09Jun2026 23:39:35.091] [main/DEBUG] [net.minecraftforge.registries.ObjectHolderRegistry/REGISTRIES]: Processing ObjectHolder annotations
[09Jun2026 23:39:35.102] [main/DEBUG] [net.minecraftforge.registries.ObjectHolderRegistry/REGISTRIES]: Found 5157 ObjectHolder annotations
[09Jun2026 23:39:35.104] [main/DEBUG] [net.minecraftforge.common.capabilities.CapabilityManager/CAPABILITIES]: Attempting to automatically register: Lmekanism/api/IAlloyInteraction;
[09Jun2026 23:39:35.105] [main/DEBUG] [net.minecraftforge.common.capabilities.CapabilityManager/CAPABILITIES]: Attempting to automatically register: Lmekanism/api/IConfigCardAccess;
[09Jun2026 23:39:35.105] [main/DEBUG] [net.minecraftforge.common.capabilities.CapabilityManager/CAPABILITIES]: Attempting to automatically register: Lmekanism/api/IConfigurable;
[09Jun2026 23:39:35.105] [main/DEBUG] [net.minecraftforge.common.capabilities.CapabilityManager/CAPABILITIES]: Attempting to automatically register: Lmekanism/api/IEvaporationSolar;
[09Jun2026 23:39:35.105] [main/DEBUG] [net.minecraftforge.common.capabilities.CapabilityManager/CAPABILITIES]: Attempting to automatically register: Lmekanism/api/chemical/gas/IGasHandler;
[09Jun2026 23:39:35.105] [main/DEBUG] [net.minecraftforge.common.capabilities.CapabilityManager/CAPABILITIES]: Attempting to automatically register: Lmekanism/api/chemical/infuse/IInfusionHandler;
[09Jun2026 23:39:35.105] [main/DEBUG] [net.minecraftforge.common.capabilities.CapabilityManager/CAPABILITIES]: Attempting to automatically register: Lmekanism/api/chemical/pigment/IPigmentHandler;
[09Jun2026 23:39:35.105] [main/DEBUG] [net.minecraftforge.common.capabilities.CapabilityManager/CAPABILITIES]: Attempting to automatically register: Lmekanism/api/chemical/slurry/ISlurryHandler;
[09Jun2026 23:39:35.105] [main/DEBUG] [net.minecraftforge.common.capabilities.CapabilityManager/CAPABILITIES]: Attempting to automatically register: Lmekanism/api/energy/IStrictEnergyHandler;
[09Jun2026 23:39:35.105] [main/DEBUG] [net.minecraftforge.common.capabilities.CapabilityManager/CAPABILITIES]: Attempting to automatically register: Lmekanism/api/heat/IHeatHandler;
[09Jun2026 23:39:35.105] [main/DEBUG] [net.minecraftforge.common.capabilities.CapabilityManager/CAPABILITIES]: Attempting to automatically register: Lmekanism/api/lasers/ILaserDissipation;
[09Jun2026 23:39:35.105] [main/DEBUG] [net.minecraftforge.common.capabilities.CapabilityManager/CAPABILITIES]: Attempting to automatically register: Lmekanism/api/lasers/ILaserReceptor;
[09Jun2026 23:39:35.105] [main/DEBUG] [net.minecraftforge.common.capabilities.CapabilityManager/CAPABILITIES]: Attempting to automatically register: Lmekanism/api/radiation/capability/IRadiationEntity;
[09Jun2026 23:39:35.105] [main/DEBUG] [net.minecraftforge.common.capabilities.CapabilityManager/CAPABILITIES]: Attempting to automatically register: Lmekanism/api/radiation/capability/IRadiationShielding;
[09Jun2026 23:39:35.105] [main/DEBUG] [net.minecraftforge.common.capabilities.CapabilityManager/CAPABILITIES]: Attempting to automatically register: Lmekanism/api/security/IOwnerObject;
[09Jun2026 23:39:35.105] [main/DEBUG] [net.minecraftforge.common.capabilities.CapabilityManager/CAPABILITIES]: Attempting to automatically register: Lmekanism/api/security/ISecurityObject;
[09Jun2026 23:39:35.105] [main/DEBUG] [net.minecraftforge.common.capabilities.CapabilityManager/CAPABILITIES]: Attempting to automatically register: Lnet/minecraftforge/energy/IEnergyStorage;
[09Jun2026 23:39:35.105] [main/DEBUG] [net.minecraftforge.common.capabilities.CapabilityManager/CAPABILITIES]: Attempting to automatically register: Lnet/minecraftforge/fluids/capability/IFluidHandler;
[09Jun2026 23:39:35.105] [main/DEBUG] [net.minecraftforge.common.capabilities.CapabilityManager/CAPABILITIES]: Attempting to automatically register: Lnet/minecraftforge/fluids/capability/IFluidHandlerItem;
[09Jun2026 23:39:35.105] [main/DEBUG] [net.minecraftforge.common.capabilities.CapabilityManager/CAPABILITIES]: Attempting to automatically register: Lnet/minecraftforge/items/IItemHandler;
[09Jun2026 23:39:35.107] [main/DEBUG] [net.minecraftforge.registries.GameData/REGISTRIES]: Unfreezing vanilla registries
[09Jun2026 23:39:35.109] [main/DEBUG] [net.minecraftforge.registries.GameData/REGISTRIES]: Applying holder lookups: minecraft:sound_event
[09Jun2026 23:39:35.112] [main/DEBUG] [net.minecraftforge.registries.GameData/REGISTRIES]: Holder lookups applied: minecraft:sound_event
[09Jun2026 23:39:35.114] [main/DEBUG] [net.minecraftforge.registries.GameData/REGISTRIES]: Applying holder lookups: minecraft:fluid
[09Jun2026 23:39:35.114] [main/DEBUG] [net.minecraftforge.registries.GameData/REGISTRIES]: Holder lookups applied: minecraft:fluid
[09Jun2026 23:39:35.198] [main/DEBUG] [net.minecraftforge.registries.GameData/REGISTRIES]: Applying holder lookups: minecraft:block
[09Jun2026 23:39:35.199] [main/DEBUG] [net.minecraftforge.registries.GameData/REGISTRIES]: Holder lookups applied: minecraft:block
[09Jun2026 23:39:35.199] [main/DEBUG] [net.minecraftforge.registries.GameData/REGISTRIES]: Applying holder lookups: minecraft:attribute
[09Jun2026 23:39:35.200] [main/DEBUG] [net.minecraftforge.registries.GameData/REGISTRIES]: Holder lookups applied: minecraft:attribute
[09Jun2026 23:39:35.200] [main/DEBUG] [net.minecraftforge.registries.GameData/REGISTRIES]: Applying holder lookups: minecraft:mob_effect
[09Jun2026 23:39:35.200] [main/DEBUG] [net.minecraftforge.registries.GameData/REGISTRIES]: Holder lookups applied: minecraft:mob_effect
[09Jun2026 23:39:35.201] [main/DEBUG] [net.minecraftforge.registries.GameData/REGISTRIES]: Applying holder lookups: minecraft:particle_type
[09Jun2026 23:39:35.201] [main/DEBUG] [net.minecraftforge.registries.GameData/REGISTRIES]: Holder lookups applied: minecraft:particle_type
[09Jun2026 23:39:35.206] [main/DEBUG] [software.bernie.geckolib.GeckoLib/]: Registered SyncedAnimatable for class software.bernie.example.item.JackInTheBoxItem
[09Jun2026 23:39:35.206] [main/DEBUG] [software.bernie.geckolib.GeckoLib/]: Registered SyncedAnimatable for class software.bernie.example.item.PistolItem
[09Jun2026 23:39:35.217] [main/DEBUG] [net.minecraftforge.registries.GameData/REGISTRIES]: Applying holder lookups: minecraft:item
[09Jun2026 23:39:35.218] [main/DEBUG] [net.minecraftforge.registries.GameData/REGISTRIES]: Holder lookups applied: minecraft:item
[09Jun2026 23:39:35.218] [main/DEBUG] [net.minecraftforge.registries.GameData/REGISTRIES]: Applying holder lookups: minecraft:entity_type
[09Jun2026 23:39:35.219] [main/DEBUG] [net.minecraftforge.registries.GameData/REGISTRIES]: Holder lookups applied: minecraft:entity_type
[09Jun2026 23:39:35.219] [main/DEBUG] [net.minecraftforge.registries.GameData/REGISTRIES]: Applying holder lookups: minecraft:sensor_type
[09Jun2026 23:39:35.219] [main/DEBUG] [net.minecraftforge.registries.GameData/REGISTRIES]: Holder lookups applied: minecraft:sensor_type
[09Jun2026 23:39:35.219] [main/DEBUG] [net.minecraftforge.registries.GameData/REGISTRIES]: Applying holder lookups: minecraft:memory_module_type
[09Jun2026 23:39:35.220] [main/DEBUG] [net.minecraftforge.registries.GameData/REGISTRIES]: Holder lookups applied: minecraft:memory_module_type
[09Jun2026 23:39:35.220] [main/DEBUG] [net.minecraftforge.registries.GameData/REGISTRIES]: Applying holder lookups: minecraft:potion
[09Jun2026 23:39:35.220] [main/DEBUG] [net.minecraftforge.registries.GameData/REGISTRIES]: Holder lookups applied: minecraft:potion
[09Jun2026 23:39:35.220] [main/DEBUG] [net.minecraftforge.registries.GameData/REGISTRIES]: Applying holder lookups: minecraft:game_event
[09Jun2026 23:39:35.220] [main/DEBUG] [net.minecraftforge.registries.GameData/REGISTRIES]: Holder lookups applied: minecraft:game_event
[09Jun2026 23:39:35.220] [main/DEBUG] [net.minecraftforge.registries.GameData/REGISTRIES]: Applying holder lookups: minecraft:enchantment
[09Jun2026 23:39:35.221] [main/DEBUG] [net.minecraftforge.registries.GameData/REGISTRIES]: Holder lookups applied: minecraft:enchantment
[09Jun2026 23:39:35.227] [main/DEBUG] [net.minecraftforge.registries.GameData/REGISTRIES]: Applying holder lookups: minecraft:block_entity_type
[09Jun2026 23:39:35.228] [main/DEBUG] [net.minecraftforge.registries.GameData/REGISTRIES]: Holder lookups applied: minecraft:block_entity_type
[09Jun2026 23:39:35.228] [main/DEBUG] [net.minecraftforge.registries.GameData/REGISTRIES]: Applying holder lookups: minecraft:painting_variant
[09Jun2026 23:39:35.228] [main/DEBUG] [net.minecraftforge.registries.GameData/REGISTRIES]: Holder lookups applied: minecraft:painting_variant
[09Jun2026 23:39:35.228] [main/DEBUG] [net.minecraftforge.registries.GameData/REGISTRIES]: Applying holder lookups: minecraft:stat_type
[09Jun2026 23:39:35.228] [main/DEBUG] [net.minecraftforge.registries.GameData/REGISTRIES]: Holder lookups applied: minecraft:stat_type
[09Jun2026 23:39:35.228] [main/DEBUG] [net.minecraftforge.registries.GameData/REGISTRIES]: Applying holder lookups: minecraft:custom_stat
[09Jun2026 23:39:35.228] [main/DEBUG] [net.minecraftforge.registries.GameData/REGISTRIES]: Holder lookups applied: minecraft:custom_stat
[09Jun2026 23:39:35.229] [main/DEBUG] [net.minecraftforge.registries.GameData/REGISTRIES]: Applying holder lookups: minecraft:chunk_status
[09Jun2026 23:39:35.229] [main/DEBUG] [net.minecraftforge.registries.GameData/REGISTRIES]: Holder lookups applied: minecraft:chunk_status
[09Jun2026 23:39:35.229] [main/DEBUG] [net.minecraftforge.registries.GameData/REGISTRIES]: Applying holder lookups: minecraft:rule_test
[09Jun2026 23:39:35.229] [main/DEBUG] [net.minecraftforge.registries.GameData/REGISTRIES]: Holder lookups applied: minecraft:rule_test
[09Jun2026 23:39:35.229] [main/DEBUG] [net.minecraftforge.registries.GameData/REGISTRIES]: Applying holder lookups: minecraft:rule_block_entity_modifier
[09Jun2026 23:39:35.229] [main/DEBUG] [net.minecraftforge.registries.GameData/REGISTRIES]: Holder lookups applied: minecraft:rule_block_entity_modifier
[09Jun2026 23:39:35.229] [main/DEBUG] [net.minecraftforge.registries.GameData/REGISTRIES]: Applying holder lookups: minecraft:pos_rule_test
[09Jun2026 23:39:35.229] [main/DEBUG] [net.minecraftforge.registries.GameData/REGISTRIES]: Holder lookups applied: minecraft:pos_rule_test
[09Jun2026 23:39:35.299] [main/DEBUG] [net.minecraftforge.registries.GameData/REGISTRIES]: Applying holder lookups: minecraft:menu
[09Jun2026 23:39:35.300] [main/DEBUG] [net.minecraftforge.registries.GameData/REGISTRIES]: Holder lookups applied: minecraft:menu
[09Jun2026 23:39:35.303] [main/DEBUG] [net.minecraftforge.registries.GameData/REGISTRIES]: Applying holder lookups: minecraft:recipe_type
[09Jun2026 23:39:35.303] [main/DEBUG] [net.minecraftforge.registries.GameData/REGISTRIES]: Holder lookups applied: minecraft:recipe_type
[09Jun2026 23:39:35.321] [main/DEBUG] [net.minecraftforge.registries.GameData/REGISTRIES]: Applying holder lookups: minecraft:recipe_serializer
[09Jun2026 23:39:35.322] [main/DEBUG] [net.minecraftforge.registries.GameData/REGISTRIES]: Holder lookups applied: minecraft:recipe_serializer
[09Jun2026 23:39:35.322] [main/DEBUG] [net.minecraftforge.registries.GameData/REGISTRIES]: Applying holder lookups: minecraft:position_source_type
[09Jun2026 23:39:35.322] [main/DEBUG] [net.minecraftforge.registries.GameData/REGISTRIES]: Holder lookups applied: minecraft:position_source_type
[09Jun2026 23:39:35.323] [main/DEBUG] [net.minecraftforge.registries.GameData/REGISTRIES]: Applying holder lookups: minecraft:command_argument_type
[09Jun2026 23:39:35.323] [main/DEBUG] [net.minecraftforge.registries.GameData/REGISTRIES]: Holder lookups applied: minecraft:command_argument_type
[09Jun2026 23:39:35.323] [main/DEBUG] [net.minecraftforge.registries.GameData/REGISTRIES]: Applying holder lookups: minecraft:villager_type
[09Jun2026 23:39:35.323] [main/DEBUG] [net.minecraftforge.registries.GameData/REGISTRIES]: Holder lookups applied: minecraft:villager_type
[09Jun2026 23:39:35.323] [main/DEBUG] [net.minecraftforge.registries.GameData/REGISTRIES]: Applying holder lookups: minecraft:villager_profession
[09Jun2026 23:39:35.324] [main/DEBUG] [net.minecraftforge.registries.GameData/REGISTRIES]: Holder lookups applied: minecraft:villager_profession
[09Jun2026 23:39:35.324] [main/DEBUG] [net.minecraftforge.registries.GameData/REGISTRIES]: Applying holder lookups: minecraft:point_of_interest_type
[09Jun2026 23:39:35.324] [main/DEBUG] [net.minecraftforge.registries.GameData/REGISTRIES]: Holder lookups applied: minecraft:point_of_interest_type
[09Jun2026 23:39:35.324] [main/DEBUG] [net.minecraftforge.registries.GameData/REGISTRIES]: Applying holder lookups: minecraft:schedule
[09Jun2026 23:39:35.324] [main/DEBUG] [net.minecraftforge.registries.GameData/REGISTRIES]: Holder lookups applied: minecraft:schedule
[09Jun2026 23:39:35.324] [main/DEBUG] [net.minecraftforge.registries.GameData/REGISTRIES]: Applying holder lookups: minecraft:activity
[09Jun2026 23:39:35.324] [main/DEBUG] [net.minecraftforge.registries.GameData/REGISTRIES]: Holder lookups applied: minecraft:activity
[09Jun2026 23:39:35.324] [main/DEBUG] [net.minecraftforge.registries.GameData/REGISTRIES]: Applying holder lookups: minecraft:loot_pool_entry_type
[09Jun2026 23:39:35.324] [main/DEBUG] [net.minecraftforge.registries.GameData/REGISTRIES]: Holder lookups applied: minecraft:loot_pool_entry_type
[09Jun2026 23:39:35.324] [main/DEBUG] [net.minecraftforge.registries.GameData/REGISTRIES]: Applying holder lookups: minecraft:loot_function_type
[09Jun2026 23:39:35.325] [main/DEBUG] [net.minecraftforge.registries.GameData/REGISTRIES]: Holder lookups applied: minecraft:loot_function_type
[09Jun2026 23:39:35.325] [main/DEBUG] [net.minecraftforge.registries.GameData/REGISTRIES]: Applying holder lookups: minecraft:loot_condition_type
[09Jun2026 23:39:35.325] [main/DEBUG] [net.minecraftforge.registries.GameData/REGISTRIES]: Holder lookups applied: minecraft:loot_condition_type
[09Jun2026 23:39:35.325] [main/DEBUG] [net.minecraftforge.registries.GameData/REGISTRIES]: Applying holder lookups: minecraft:loot_number_provider_type
[09Jun2026 23:39:35.326] [main/DEBUG] [net.minecraftforge.registries.GameData/REGISTRIES]: Holder lookups applied: minecraft:loot_number_provider_type
[09Jun2026 23:39:35.326] [main/DEBUG] [net.minecraftforge.registries.GameData/REGISTRIES]: Applying holder lookups: minecraft:loot_nbt_provider_type
[09Jun2026 23:39:35.326] [main/DEBUG] [net.minecraftforge.registries.GameData/REGISTRIES]: Holder lookups applied: minecraft:loot_nbt_provider_type
[09Jun2026 23:39:35.326] [main/DEBUG] [net.minecraftforge.registries.GameData/REGISTRIES]: Applying holder lookups: minecraft:loot_score_provider_type
[09Jun2026 23:39:35.326] [main/DEBUG] [net.minecraftforge.registries.GameData/REGISTRIES]: Holder lookups applied: minecraft:loot_score_provider_type
[09Jun2026 23:39:35.326] [main/DEBUG] [net.minecraftforge.registries.GameData/REGISTRIES]: Applying holder lookups: minecraft:float_provider_type
[09Jun2026 23:39:35.326] [main/DEBUG] [net.minecraftforge.registries.GameData/REGISTRIES]: Holder lookups applied: minecraft:float_provider_type
[09Jun2026 23:39:35.326] [main/DEBUG] [net.minecraftforge.registries.GameData/REGISTRIES]: Applying holder lookups: minecraft:int_provider_type
[09Jun2026 23:39:35.326] [main/DEBUG] [net.minecraftforge.registries.GameData/REGISTRIES]: Holder lookups applied: minecraft:int_provider_type
[09Jun2026 23:39:35.326] [main/DEBUG] [net.minecraftforge.registries.GameData/REGISTRIES]: Applying holder lookups: minecraft:height_provider_type
[09Jun2026 23:39:35.327] [main/DEBUG] [net.minecraftforge.registries.GameData/REGISTRIES]: Holder lookups applied: minecraft:height_provider_type
[09Jun2026 23:39:35.327] [main/DEBUG] [net.minecraftforge.registries.GameData/REGISTRIES]: Applying holder lookups: minecraft:block_predicate_type
[09Jun2026 23:39:35.327] [main/DEBUG] [net.minecraftforge.registries.GameData/REGISTRIES]: Holder lookups applied: minecraft:block_predicate_type
[09Jun2026 23:39:35.327] [main/DEBUG] [net.minecraftforge.registries.GameData/REGISTRIES]: Applying holder lookups: minecraft:worldgen/carver
[09Jun2026 23:39:35.327] [main/DEBUG] [net.minecraftforge.registries.GameData/REGISTRIES]: Holder lookups applied: minecraft:worldgen/carver
[09Jun2026 23:39:35.328] [main/DEBUG] [net.minecraftforge.registries.GameData/REGISTRIES]: Applying holder lookups: minecraft:worldgen/feature
[09Jun2026 23:39:35.328] [main/DEBUG] [net.minecraftforge.registries.GameData/REGISTRIES]: Holder lookups applied: minecraft:worldgen/feature
[09Jun2026 23:39:35.328] [main/DEBUG] [net.minecraftforge.registries.GameData/REGISTRIES]: Applying holder lookups: minecraft:worldgen/structure_processor
[09Jun2026 23:39:35.328] [main/DEBUG] [net.minecraftforge.registries.GameData/REGISTRIES]: Holder lookups applied: minecraft:worldgen/structure_processor
[09Jun2026 23:39:35.328] [main/DEBUG] [net.minecraftforge.registries.GameData/REGISTRIES]: Applying holder lookups: minecraft:worldgen/structure_placement
[09Jun2026 23:39:35.328] [main/DEBUG] [net.minecraftforge.registries.GameData/REGISTRIES]: Holder lookups applied: minecraft:worldgen/structure_placement
[09Jun2026 23:39:35.328] [main/DEBUG] [net.minecraftforge.registries.GameData/REGISTRIES]: Applying holder lookups: minecraft:worldgen/structure_piece
[09Jun2026 23:39:35.328] [main/DEBUG] [net.minecraftforge.registries.GameData/REGISTRIES]: Holder lookups applied: minecraft:worldgen/structure_piece
[09Jun2026 23:39:35.328] [main/DEBUG] [net.minecraftforge.registries.GameData/REGISTRIES]: Applying holder lookups: minecraft:worldgen/structure_type
[09Jun2026 23:39:35.329] [main/DEBUG] [net.minecraftforge.registries.GameData/REGISTRIES]: Holder lookups applied: minecraft:worldgen/structure_type
[09Jun2026 23:39:35.329] [main/DEBUG] [net.minecraftforge.registries.GameData/REGISTRIES]: Applying holder lookups: minecraft:worldgen/placement_modifier_type
[09Jun2026 23:39:35.329] [main/DEBUG] [net.minecraftforge.registries.GameData/REGISTRIES]: Holder lookups applied: minecraft:worldgen/placement_modifier_type
[09Jun2026 23:39:35.329] [main/DEBUG] [net.minecraftforge.registries.GameData/REGISTRIES]: Applying holder lookups: minecraft:worldgen/block_state_provider_type
[09Jun2026 23:39:35.329] [main/DEBUG] [net.minecraftforge.registries.GameData/REGISTRIES]: Holder lookups applied: minecraft:worldgen/block_state_provider_type
[09Jun2026 23:39:35.329] [main/DEBUG] [net.minecraftforge.registries.GameData/REGISTRIES]: Applying holder lookups: minecraft:worldgen/foliage_placer_type
[09Jun2026 23:39:35.329] [main/DEBUG] [net.minecraftforge.registries.GameData/REGISTRIES]: Holder lookups applied: minecraft:worldgen/foliage_placer_type
[09Jun2026 23:39:35.329] [main/DEBUG] [net.minecraftforge.registries.GameData/REGISTRIES]: Applying holder lookups: minecraft:worldgen/trunk_placer_type
[09Jun2026 23:39:35.329] [main/DEBUG] [net.minecraftforge.registries.GameData/REGISTRIES]: Holder lookups applied: minecraft:worldgen/trunk_placer_type
[09Jun2026 23:39:35.329] [main/DEBUG] [net.minecraftforge.registries.GameData/REGISTRIES]: Applying holder lookups: minecraft:worldgen/root_placer_type
[09Jun2026 23:39:35.329] [main/DEBUG] [net.minecraftforge.registries.GameData/REGISTRIES]: Holder lookups applied: minecraft:worldgen/root_placer_type
[09Jun2026 23:39:35.329] [main/DEBUG] [net.minecraftforge.registries.GameData/REGISTRIES]: Applying holder lookups: minecraft:worldgen/tree_decorator_type
[09Jun2026 23:39:35.330] [main/DEBUG] [net.minecraftforge.registries.GameData/REGISTRIES]: Holder lookups applied: minecraft:worldgen/tree_decorator_type
[09Jun2026 23:39:35.330] [main/DEBUG] [net.minecraftforge.registries.GameData/REGISTRIES]: Applying holder lookups: minecraft:worldgen/feature_size_type
[09Jun2026 23:39:35.330] [main/DEBUG] [net.minecraftforge.registries.GameData/REGISTRIES]: Holder lookups applied: minecraft:worldgen/feature_size_type
[09Jun2026 23:39:35.330] [main/DEBUG] [net.minecraftforge.registries.GameData/REGISTRIES]: Applying holder lookups: minecraft:worldgen/biome_source
[09Jun2026 23:39:35.330] [main/DEBUG] [net.minecraftforge.registries.GameData/REGISTRIES]: Holder lookups applied: minecraft:worldgen/biome_source
[09Jun2026 23:39:35.330] [main/DEBUG] [net.minecraftforge.registries.GameData/REGISTRIES]: Applying holder lookups: minecraft:worldgen/chunk_generator
[09Jun2026 23:39:35.330] [main/DEBUG] [net.minecraftforge.registries.GameData/REGISTRIES]: Holder lookups applied: minecraft:worldgen/chunk_generator
[09Jun2026 23:39:35.330] [main/DEBUG] [net.minecraftforge.registries.GameData/REGISTRIES]: Applying holder lookups: minecraft:worldgen/material_condition
[09Jun2026 23:39:35.330] [main/DEBUG] [net.minecraftforge.registries.GameData/REGISTRIES]: Holder lookups applied: minecraft:worldgen/material_condition
[09Jun2026 23:39:35.330] [main/DEBUG] [net.minecraftforge.registries.GameData/REGISTRIES]: Applying holder lookups: minecraft:worldgen/material_rule
[09Jun2026 23:39:35.330] [main/DEBUG] [net.minecraftforge.registries.GameData/REGISTRIES]: Holder lookups applied: minecraft:worldgen/material_rule
[09Jun2026 23:39:35.330] [main/DEBUG] [net.minecraftforge.registries.GameData/REGISTRIES]: Applying holder lookups: minecraft:worldgen/density_function_type
[09Jun2026 23:39:35.330] [main/DEBUG] [net.minecraftforge.registries.GameData/REGISTRIES]: Holder lookups applied: minecraft:worldgen/density_function_type
[09Jun2026 23:39:35.330] [main/DEBUG] [net.minecraftforge.registries.GameData/REGISTRIES]: Applying holder lookups: minecraft:worldgen/structure_pool_element
[09Jun2026 23:39:35.330] [main/DEBUG] [net.minecraftforge.registries.GameData/REGISTRIES]: Holder lookups applied: minecraft:worldgen/structure_pool_element
[09Jun2026 23:39:35.331] [main/DEBUG] [net.minecraftforge.registries.GameData/REGISTRIES]: Applying holder lookups: minecraft:cat_variant
[09Jun2026 23:39:35.331] [main/DEBUG] [net.minecraftforge.registries.GameData/REGISTRIES]: Holder lookups applied: minecraft:cat_variant
[09Jun2026 23:39:35.331] [main/DEBUG] [net.minecraftforge.registries.GameData/REGISTRIES]: Applying holder lookups: minecraft:frog_variant
[09Jun2026 23:39:35.331] [main/DEBUG] [net.minecraftforge.registries.GameData/REGISTRIES]: Holder lookups applied: minecraft:frog_variant
[09Jun2026 23:39:35.331] [main/DEBUG] [net.minecraftforge.registries.GameData/REGISTRIES]: Applying holder lookups: minecraft:banner_pattern
[09Jun2026 23:39:35.331] [main/DEBUG] [net.minecraftforge.registries.GameData/REGISTRIES]: Holder lookups applied: minecraft:banner_pattern
[09Jun2026 23:39:35.331] [main/DEBUG] [net.minecraftforge.registries.GameData/REGISTRIES]: Applying holder lookups: minecraft:instrument
[09Jun2026 23:39:35.331] [main/DEBUG] [net.minecraftforge.registries.GameData/REGISTRIES]: Holder lookups applied: minecraft:instrument
[09Jun2026 23:39:35.331] [main/DEBUG] [net.minecraftforge.registries.GameData/REGISTRIES]: Applying holder lookups: minecraft:decorated_pot_patterns
[09Jun2026 23:39:35.331] [main/DEBUG] [net.minecraftforge.registries.GameData/REGISTRIES]: Holder lookups applied: minecraft:decorated_pot_patterns
[09Jun2026 23:39:35.332] [main/DEBUG] [net.minecraftforge.registries.GameData/REGISTRIES]: Applying holder lookups: minecraft:creative_mode_tab
[09Jun2026 23:39:35.332] [main/DEBUG] [net.minecraftforge.registries.GameData/REGISTRIES]: Holder lookups applied: minecraft:creative_mode_tab
[09Jun2026 23:39:35.348] [main/DEBUG] [net.minecraftforge.registries.GameData/REGISTRIES]: Applying holder lookups: forge:biome_modifier_serializers
[09Jun2026 23:39:35.348] [main/DEBUG] [net.minecraftforge.registries.GameData/REGISTRIES]: Holder lookups applied: forge:biome_modifier_serializers
[09Jun2026 23:39:35.349] [main/DEBUG] [net.minecraftforge.registries.GameData/REGISTRIES]: Applying holder lookups: forge:display_contexts
[09Jun2026 23:39:35.349] [main/DEBUG] [net.minecraftforge.registries.GameData/REGISTRIES]: Holder lookups applied: forge:display_contexts
[09Jun2026 23:39:35.349] [main/DEBUG] [net.minecraftforge.registries.GameData/REGISTRIES]: Applying holder lookups: forge:entity_data_serializers
[09Jun2026 23:39:35.350] [main/DEBUG] [net.minecraftforge.registries.GameData/REGISTRIES]: Holder lookups applied: forge:entity_data_serializers
[09Jun2026 23:39:35.350] [main/DEBUG] [net.minecraftforge.registries.GameData/REGISTRIES]: Applying holder lookups: forge:fluid_type
[09Jun2026 23:39:35.351] [main/DEBUG] [net.minecraftforge.registries.GameData/REGISTRIES]: Holder lookups applied: forge:fluid_type
[09Jun2026 23:39:35.351] [main/DEBUG] [net.minecraftforge.registries.GameData/REGISTRIES]: Applying holder lookups: forge:global_loot_modifier_serializers
[09Jun2026 23:39:35.351] [main/DEBUG] [net.minecraftforge.registries.GameData/REGISTRIES]: Holder lookups applied: forge:global_loot_modifier_serializers
[09Jun2026 23:39:35.353] [main/DEBUG] [net.minecraftforge.registries.GameData/REGISTRIES]: Applying holder lookups: forge:holder_set_type
[09Jun2026 23:39:35.353] [main/DEBUG] [net.minecraftforge.registries.GameData/REGISTRIES]: Holder lookups applied: forge:holder_set_type
[09Jun2026 23:39:35.353] [main/DEBUG] [net.minecraftforge.registries.GameData/REGISTRIES]: Applying holder lookups: forge:structure_modifier_serializers
[09Jun2026 23:39:35.354] [main/DEBUG] [net.minecraftforge.registries.GameData/REGISTRIES]: Holder lookups applied: forge:structure_modifier_serializers
[09Jun2026 23:39:35.354] [main/DEBUG] [net.minecraftforge.registries.GameData/REGISTRIES]: Applying holder lookups: mekanism:gas
[09Jun2026 23:39:35.354] [main/DEBUG] [net.minecraftforge.registries.GameData/REGISTRIES]: Holder lookups applied: mekanism:gas
[09Jun2026 23:39:35.356] [main/DEBUG] [net.minecraftforge.registries.GameData/REGISTRIES]: Applying holder lookups: mekanism:infuse_type
[09Jun2026 23:39:35.356] [main/DEBUG] [net.minecraftforge.registries.GameData/REGISTRIES]: Holder lookups applied: mekanism:infuse_type
[09Jun2026 23:39:35.356] [main/DEBUG] [net.minecraftforge.registries.GameData/REGISTRIES]: Applying holder lookups: mekanism:module
[09Jun2026 23:39:35.357] [main/DEBUG] [net.minecraftforge.registries.GameData/REGISTRIES]: Holder lookups applied: mekanism:module
[09Jun2026 23:39:35.357] [main/DEBUG] [net.minecraftforge.registries.GameData/REGISTRIES]: Applying holder lookups: mekanism:pigment
[09Jun2026 23:39:35.357] [main/DEBUG] [net.minecraftforge.registries.GameData/REGISTRIES]: Holder lookups applied: mekanism:pigment
[09Jun2026 23:39:35.357] [main/DEBUG] [net.minecraftforge.registries.GameData/REGISTRIES]: Applying holder lookups: mekanism:robit_skin_serializer
[09Jun2026 23:39:35.357] [main/DEBUG] [net.minecraftforge.registries.GameData/REGISTRIES]: Holder lookups applied: mekanism:robit_skin_serializer
[09Jun2026 23:39:35.359] [main/DEBUG] [net.minecraftforge.registries.GameData/REGISTRIES]: Applying holder lookups: mekanism:slurry
[09Jun2026 23:39:35.359] [main/DEBUG] [net.minecraftforge.registries.GameData/REGISTRIES]: Holder lookups applied: mekanism:slurry
[09Jun2026 23:39:35.359] [main/DEBUG] [net.minecraftforge.registries.GameData/REGISTRIES]: Applying holder lookups: minecraft:worldgen/biome
[09Jun2026 23:39:35.359] [main/DEBUG] [net.minecraftforge.registries.GameData/REGISTRIES]: Holder lookups applied: minecraft:worldgen/biome
[09Jun2026 23:39:35.408] [main/WARN] [net.minecraft.server.packs.VanillaPackResourcesBuilder/]: Assets URL 'union:/home/jumpwatch/IdeaProjects/magneticraft2/build/fg_cache/net/minecraftforge/forge/1.20.1-47.1.16_mapped_parchment_2023.07.16-1.20.1/forge-1.20.1-47.1.16_mapped_parchment_2023.07.16-1.20.1-recomp.jar%23181!/assets/.mcassetsroot' uses unexpected schema
[09Jun2026 23:39:35.408] [main/WARN] [net.minecraft.server.packs.VanillaPackResourcesBuilder/]: Assets URL 'union:/home/jumpwatch/IdeaProjects/magneticraft2/build/fg_cache/net/minecraftforge/forge/1.20.1-47.1.16_mapped_parchment_2023.07.16-1.20.1/forge-1.20.1-47.1.16_mapped_parchment_2023.07.16-1.20.1-recomp.jar%23181!/data/.mcassetsroot' uses unexpected schema
[09Jun2026 23:39:35.458] [main/INFO] [net.minecraft.data.DataGenerator/]: Starting provider: Languages: en_us
[09Jun2026 23:39:35.461] [main/INFO] [net.minecraft.data.DataGenerator/]: Languages: en_us finished after 2 ms
[09Jun2026 23:39:35.461] [main/INFO] [net.minecraft.data.DataGenerator/]: All providers took: 3 ms
[09Jun2026 23:39:35.462] [main/INFO] [net.minecraft.data.HashCache/]: Caching: total files: 1, old count: 1, new count: 2, removed stale: 0, written: 1
